2018-03-01 00:00:00,2018-03-01 00:00:00,server01,23.823,131.34,22.86
2018-03-01 00:01:00,2018-03-01 00:01:00,server01,21.709,131.98,21.5
2018-03-01 00:02:00,2018-03-01 00:02:00,server01,23.537,130.73,23.28
2018-03-01 00:03:00,2018-03-01 00:03:00,server01,22.524,131.48,21.5
2018-03-01 00:04:00,2018-03-01 00:04:00,server01,20.974,130.87,22.47
2018-03-01 00:05:00,2018-03-01 00:05:00,server02,24.518,86.14,21.92
2018-03-01 00:06:00,2018-03-01 00:06:00,server01,21.269,131.58,23.1
2018-03-01 00:07:00,2018-03-01 00:07:00,server01,22.219,130.5,23.24
2018-03-01 00:08:00,2018-03-01 00:08:00,server01,23.392,130.8,23.38
2018-03-01 00:09:00,2018-03-01 00:09:00,server01,22.285,130.5,23.37
2018-03-01 00:10:00,2018-03-01 00:10:00,server01,24.714,131.06,22.49
2018-03-01 00:11:00,2018-03-01 00:11:00,server01,22.948,130.42,21.01
2018-03-01 00:12:00,2018-03-01 00:12:00,server01,22.75,131.64,23.14
2018-03-01 00:13:00,2018-03-01 00:13:00,server01,23.39,131.76,22.96
2018-03-01 00:14:00,2018-03-01 00:14:00,server01,22.51,131.03,23.19
2018-03-01 00:15:00,2018-03-01 00:15:00,server01,22.977,130.36,22.82
2018-03-01 00:16:00,2018-03-01 00:16:00,server01,21.885,130.73,22.32
2018-03-01 00:17:00,2018-03-01 00:17:00,server01,25.167,132.23,22.47
2018-03-01 00:18:00,2018-03-01 00:18:00,server02,24.516,87.11,21.56
2018-03-01 00:19:00,2018-03-01 00:19:00,server01,23.364,130.35,23.31
2018-03-01 00:20:00,2018-03-01 00:20:00,server01,21.179,130.89,20.99
2018-03-01 00:21:00,2018-03-01 00:21:00,server01,21.64,131.56,22.68
2018-03-01 00:22:00,2018-03-01 00:22:00,server01,21.19,130.98,22.09
2018-03-01 00:23:00,2018-03-01 00:23:00,server01,21.419,131.26,22.16
2018-03-01 00:24:00,2018-03-01 00:24:00,server01,22.733,130.64,22.34
2018-03-01 00:25:00,2018-03-01 00:25:00,server01,22.723,130.77,23.04
2018-03-01 00:26:00,2018-03-01 00:26:00,server01,21.852,130.13,22.16
2018-03-01 00:27:00,2018-03-01 00:27:00,server01,22.716,131.5,22.57
2018-03-01 00:28:00,2018-03-01 00:28:00,server01,21.416,131.37,23.17
2018-03-01 00:29:00,2018-03-01 00:29:00,server01,23.616,131.08,23.36
2018-03-01 00:30:00,2018-03-01 00:30:00,server01,21.845,130.76,22.76
2018-03-01 00:31:00,2018-03-01 00:31:00,server01,24.709,130.62,22.93
2018-03-01 00:32:00,2018-03-01 00:32:00,server01,22.539,130.68,23.08
2018-03-01 00:33:00,2018-03-01 00:33:00,server01,23.186,131.09,23.02
2018-03-01 00:34:00,2018-03-01 00:34:00,server01,22.519,130,22.74
2018-03-01 00:35:00,2018-03-01 00:35:00,server01,22.051,131.87,23.2
2018-03-01 00:36:00,2018-03-01 00:36:00,server01,21.056,131.22,23.65
2018-03-01 00:37:00,2018-03-01 00:37:00,server01,24.303,131.01,19.99
2018-03-01 00:38:00,2018-03-01 00:38:00,server01,21.209,130.53,16.12
2018-03-01 00:39:00,2018-03-01 00:39:00,server01,24.3,131.37,21.91
2018-03-01 00:40:00,2018-03-01 00:40:00,server01,21.69,130.85,17.17
2018-03-01 00:41:00,2018-03-01 00:41:00,server01,23.379,131.25,23.39
2018-03-01 00:42:00,2018-03-01 00:42:00,server01,21.855,131.15,22.68
2018-03-01 00:43:00,2018-03-01 00:43:00,server01,22.258,128,22.73
2018-03-01 00:44:00,2018-03-01 00:44:00,server01,22.044,130.65,21.59
2018-03-01 00:45:00,2018-03-01 00:45:00,server01,23.37,131.21,23.38
2018-03-01 00:46:00,2018-03-01 00:46:00,server01,23.201,130.23,23.21
2018-03-01 00:47:00,2018-03-01 00:47:00,server01,22.022,131.31,22.22
2018-03-01 00:48:00,2018-03-01 00:48:00,server01,22.758,130.42,20.56
2018-03-01 00:49:00,2018-03-01 00:49:00,server01,22.089,131.2,22.88
2018-03-01 00:50:00,2018-03-01 00:50:00,server01,22.067,131.85,22.76
2018-03-01 00:51:00,2018-03-01 00:51:00,server01,23.137,128.59,23.16
2018-03-01 00:52:00,2018-03-01 00:52:00,server01,25.621,129.69,18.99
2018-03-01 00:53:00,2018-03-01 00:53:00,server02,22.378,85.16,20.66
2018-03-01 00:54:00,2018-03-01 00:54:00,server01,26.905,130.89,23.47
2018-03-01 00:55:00,2018-03-01 00:55:00,server02,24.153,86.63,20.58
2018-03-01 00:56:00,2018-03-01 00:56:00,server01,23.374,130.74,23.29
2018-03-01 00:57:00,2018-03-01 00:57:00,server01,24.957,131.37,21.34
2018-03-01 00:58:00,2018-03-01 00:58:00,server01,22.309,131.39,22.46
2018-03-01 00:59:00,2018-03-01 00:59:00,server02,31.648,86.79,20.45
2018-03-01 01:00:00,2018-03-01 01:00:00,server02,24.817,87.59,22.51
2018-03-01 01:01:00,2018-03-01 01:01:00,server01,22.499,131.82,22.8
2018-03-01 01:02:00,2018-03-01 01:02:00,server01,22.295,131.45,23.22
2018-03-01 01:03:00,2018-03-01 01:03:00,server02,24.877,86.38,20.03
2018-03-01 01:04:00,2018-03-01 01:04:00,server01,23.833,130.9,23.5
2018-03-01 01:05:00,2018-03-01 01:05:00,server01,25.146,131.81,22.22
2018-03-01 01:06:00,2018-03-01 01:06:00,server01,22.484,131.19,23.24
2018-03-01 01:07:00,2018-03-01 01:07:00,server02,25.457,87.03,21.83
2018-03-01 01:08:00,2018-03-01 01:08:00,server01,22.229,131.54,21.28
2018-03-01 01:09:00,2018-03-01 01:09:00,server01,22.944,130.82,21.29
2018-03-01 01:10:00,2018-03-01 01:10:00,server01,22.957,130.22,20.1
2018-03-01 01:11:00,2018-03-01 01:11:00,server01,24.037,126.82,23.21
2018-03-01 01:12:00,2018-03-01 01:12:00,server01,21.803,130.44,22.72
2018-03-01 01:13:00,2018-03-01 01:13:00,server01,22.739,129.74,22.55
2018-03-01 01:14:00,2018-03-01 01:14:00,server01,20.723,131.69,22.41
2018-03-01 01:15:00,2018-03-01 01:15:00,server01,24.466,131.06,23.14
2018-03-01 01:16:00,2018-03-01 01:16:00,server01,23.871,131.15,16.97
2018-03-01 01:17:00,2018-03-01 01:17:00,server01,22.766,130.34,23.19
2018-03-01 01:18:00,2018-03-01 01:18:00,server01,22.215,130,21.61
2018-03-01 01:19:00,2018-03-01 01:19:00,server01,22.515,129.89,22.52
2018-03-01 01:20:00,2018-03-01 01:20:00,server01,22.71,130.41,22.82
2018-03-01 01:21:00,2018-03-01 01:21:00,server01,22.359,131.81,22.15
2018-03-01 01:22:00,2018-03-01 01:22:00,server02,26.344,84.97,22.2
2018-03-01 01:23:00,2018-03-01 01:23:00,server01,23.615,131.22,22.74
2018-03-01 01:24:00,2018-03-01 01:24:00,server01,22.769,130.11,19.09
2018-03-01 01:25:00,2018-03-01 01:25:00,server01,20.534,132.34,22.31
2018-03-01 01:26:00,2018-03-01 01:26:00,server01,22.312,129.34,23.57
2018-03-01 01:27:00,2018-03-01 01:27:00,server01,21.632,131.85,23.42
2018-03-01 01:28:00,2018-03-01 01:28:00,server01,22.751,131.59,22.5
2018-03-01 01:29:00,2018-03-01 01:29:00,server01,22.262,131.41,23.34
2018-03-01 01:30:00,2018-03-01 01:30:00,server01,21.604,131.02,21.77
2018-03-01 01:31:00,2018-03-01 01:31:00,server01,22.729,131.68,22.3
2018-03-01 01:32:00,2018-03-01 01:32:00,server01,22.521,129.75,23.22
2018-03-01 01:33:00,2018-03-01 01:33:00,server01,21.429,131.22,23.28
2018-03-01 01:34:00,2018-03-01 01:34:00,server01,20.739,130.45,22.58
2018-03-01 01:35:00,2018-03-01 01:35:00,server01,21.847,131.37,23.39
2018-03-01 01:36:00,2018-03-01 01:36:00,server01,23.421,131.35,23.29
2018-03-01 01:37:00,2018-03-01 01:37:00,server01,20.963,129.8,22.08
2018-03-01 01:38:00,2018-03-01 01:38:00,server01,23.03,131.84,22.97
2018-03-01 01:39:00,2018-03-01 01:39:00,server01,23.829,131.04,21.25
2018-03-01 01:40:00,2018-03-01 01:40:00,server01,22.127,130.38,17.39
2018-03-01 01:41:00,2018-03-01 01:41:00,server01,21.188,131.2,22.08
2018-03-01 01:42:00,2018-03-01 01:42:00,server02,24.122,80.08,21.25
2018-03-01 01:43:00,2018-03-01 01:43:00,server01,21.516,130.29,23.01
2018-03-01 01:44:00,2018-03-01 01:44:00,server01,22.719,129.68,22.65
2018-03-01 01:45:00,2018-03-01 01:45:00,server01,22.063,131.77,22.46
2018-03-01 01:46:00,2018-03-01 01:46:00,server01,22.731,130.81,22.79
2018-03-01 01:47:00,2018-03-01 01:47:00,server01,22.521,130.2,23.12
2018-03-01 01:48:00,2018-03-01 01:48:00,server01,21.988,130.45,23.09
2018-03-01 01:49:00,2018-03-01 01:49:00,server01,21.177,131.18,23.16
2018-03-01 01:50:00,2018-03-01 01:50:00,server01,21.628,131.75,23.16
2018-03-01 01:51:00,2018-03-01 01:51:00,server02,24.315,74.17,21.14
2018-03-01 01:52:00,2018-03-01 01:52:00,server01,22.727,131.65,22.92
2018-03-01 01:53:00,2018-03-01 01:53:00,server01,21.993,131.45,23.35
2018-03-01 01:54:00,2018-03-01 01:54:00,server01,22.028,130.48,23.23
2018-03-01 01:55:00,2018-03-01 01:55:00,server01,23.675,129.98,21.91
2018-03-01 01:56:00,2018-03-01 01:56:00,server01,22.52,131.63,23.15
2018-03-01 01:57:00,2018-03-01 01:57:00,server01,22.722,131.81,21.61
2018-03-01 01:58:00,2018-03-01 01:58:00,server01,23.824,91.24,22.91
2018-03-01 01:59:00,2018-03-01 01:59:00,server01,21.84,130.97,22.1
2018-03-01 02:00:00,2018-03-01 02:00:00,server01,22.066,130.37,22.12
2018-03-01 02:01:00,2018-03-01 02:01:00,server01,23.815,129.9,23.13
2018-03-01 02:02:00,2018-03-01 02:02:00,server02,30.212,80.83,21.21
2018-03-01 02:03:00,2018-03-01 02:03:00,server01,22.895,131.15,22.87
2018-03-01 02:04:00,2018-03-01 02:04:00,server01,21.401,130.82,22.97
2018-03-01 02:05:00,2018-03-01 02:05:00,server01,21.856,131.46,21.8
2018-03-01 02:06:00,2018-03-01 02:06:00,server02,31.792,46.55,19.96
2018-03-01 02:07:00,2018-03-01 02:07:00,server01,22.53,131.48,22.79
2018-03-01 02:08:00,2018-03-01 02:08:00,server01,22.022,131.13,22.72
2018-03-01 02:09:00,2018-03-01 02:09:00,server01,25.11,131.33,21.23
2018-03-01 02:10:00,2018-03-01 02:10:00,server01,20.745,131.02,23.24
2018-03-01 02:11:00,2018-03-01 02:11:00,server01,22.285,131.62,22.89
2018-03-01 02:12:00,2018-03-01 02:12:00,server01,23.456,130.66,21.26
2018-03-01 02:13:00,2018-03-01 02:13:00,server01,22.405,131.51,22.83
2018-03-01 02:14:00,2018-03-01 02:14:00,server01,23.176,131.16,22.21
2018-03-01 02:15:00,2018-03-01 02:15:00,server01,22.896,132.42,21.33
2018-03-01 02:16:00,2018-03-01 02:16:00,server01,24.536,131.63,23.37
2018-03-01 02:17:00,2018-03-01 02:17:00,server02,24.373,87.26,21.13
2018-03-01 02:18:00,2018-03-01 02:18:00,server01,25.567,129.71,23.25
2018-03-01 02:19:00,2018-03-01 02:19:00,server01,23.18,131.95,22.96
2018-03-01 02:20:00,2018-03-01 02:20:00,server01,21.952,131.32,23.3
2018-03-01 02:21:00,2018-03-01 02:21:00,server01,23.6,129.95,23.33
2018-03-01 02:22:00,2018-03-01 02:22:00,server01,23.153,130.35,23.64
2018-03-01 02:23:00,2018-03-01 02:23:00,server01,21.418,130.18,23.47
2018-03-01 02:24:00,2018-03-01 02:24:00,server01,24.052,132.1,22.85
2018-03-01 02:25:00,2018-03-01 02:25:00,server01,24.476,129.78,22.31
2018-03-01 02:26:00,2018-03-01 02:26:00,server01,21.623,131.25,23.15
2018-03-01 02:27:00,2018-03-01 02:27:00,server01,22.941,131.62,23.07
2018-03-01 02:28:00,2018-03-01 02:28:00,server01,22.726,131,22.56
2018-03-01 02:29:00,2018-03-01 02:29:00,server01,22.518,132.12,22.54
2018-03-01 02:30:00,2018-03-01 02:30:00,server02,23.53,88.41,18.83
2018-03-01 02:31:00,2018-03-01 02:31:00,server02,24.335,95.21,19.47
2018-03-01 02:32:00,2018-03-01 02:32:00,server01,23.108,131.02,22.82
2018-03-01 02:33:00,2018-03-01 02:33:00,server01,21.633,130.16,23.04
2018-03-01 02:34:00,2018-03-01 02:34:00,server01,24.295,131.19,22.26
2018-03-01 02:35:00,2018-03-01 02:35:00,server01,21.918,129.05,22.78
2018-03-01 02:36:00,2018-03-01 02:36:00,server01,23.398,131.37,23.39
2018-03-01 02:37:00,2018-03-01 02:37:00,server01,21.439,129.85,22.85
2018-03-01 02:38:00,2018-03-01 02:38:00,server01,23.173,131.98,23.29
2018-03-01 02:39:00,2018-03-01 02:39:00,server01,24.258,129.43,22.53
2018-03-01 02:40:00,2018-03-01 02:40:00,server01,22.08,130.69,22.84
2018-03-01 02:41:00,2018-03-01 02:41:00,server01,22.078,131.26,23.42
2018-03-01 02:42:00,2018-03-01 02:42:00,server01,23.162,130.93,22.82
2018-03-01 02:43:00,2018-03-01 02:43:00,server01,22.761,129.96,22.64
2018-03-01 02:44:00,2018-03-01 02:44:00,server01,24.676,130.35,23.5
2018-03-01 02:45:00,2018-03-01 02:45:00,server01,24.25,130.37,22.87
2018-03-01 02:46:00,2018-03-01 02:46:00,server01,23.074,130.74,22.98
2018-03-01 02:47:00,2018-03-01 02:47:00,server02,25.325,84.56,23.02
2018-03-01 02:48:00,2018-03-01 02:48:00,server01,21.208,130.11,23.15
2018-03-01 02:49:00,2018-03-01 02:49:00,server01,23.604,131.7,23.4
2018-03-01 02:50:00,2018-03-01 02:50:00,server01,21.418,131.38,23.04
2018-03-01 02:51:00,2018-03-01 02:51:00,server01,23.876,130.53,22.9
2018-03-01 02:52:00,2018-03-01 02:52:00,server01,26.006,131.09,23.09
2018-03-01 02:53:00,2018-03-01 02:53:00,server01,21.44,131.73,23.58
2018-03-01 02:54:00,2018-03-01 02:54:00,server01,22.29,130.94,23.07
2018-03-01 02:55:00,2018-03-01 02:55:00,server01,22.25,130.09,22.16
2018-03-01 02:56:00,2018-03-01 02:56:00,server01,26.654,131.73,22.59
2018-03-01 02:57:00,2018-03-01 02:57:00,server01,23.393,129.72,23.06
2018-03-01 02:58:00,2018-03-01 02:58:00,server01,21.84,131.35,22.6
2018-03-01 02:59:00,2018-03-01 02:59:00,server01,21.989,131.46,21.74
2018-03-01 03:00:00,2018-03-01 03:00:00,server01,22.942,131.62,20.96
2018-03-01 03:01:00,2018-03-01 03:01:00,server01,22.091,131.2,20.41
2018-03-01 03:02:00,2018-03-01 03:02:00,server01,24.023,126.51,23.01
2018-03-01 03:03:00,2018-03-01 03:03:00,server01,22.72,132.17,23.11
2018-03-01 03:04:00,2018-03-01 03:04:00,server01,22.328,130.91,22.5
2018-03-01 03:05:00,2018-03-01 03:05:00,server01,22.51,130.48,23.28
2018-03-01 03:06:00,2018-03-01 03:06:00,server02,23.317,91.11,20.49
2018-03-01 03:07:00,2018-03-01 03:07:00,server01,21.44,130.51,21.2
2018-03-01 03:08:00,2018-03-01 03:08:00,server01,22.081,130.66,23.47
2018-03-01 03:09:00,2018-03-01 03:09:00,server01,20.982,131.45,23.3
2018-03-01 03:10:00,2018-03-01 03:10:00,server01,22.509,130.29,21.41
2018-03-01 03:11:00,2018-03-01 03:11:00,server01,20.075,129.92,22.67
2018-03-01 03:12:00,2018-03-01 03:12:00,server01,22.333,131.88,22.31
2018-03-01 03:13:00,2018-03-01 03:13:00,server01,22.956,131.17,22.94
2018-03-01 03:14:00,2018-03-01 03:14:00,server01,20.523,128.65,23.06
2018-03-01 03:15:00,2018-03-01 03:15:00,server01,22.062,130.9,22.67
2018-03-01 03:16:00,2018-03-01 03:16:00,server01,23.361,131.59,22.7
2018-03-01 03:17:00,2018-03-01 03:17:00,server01,20.694,130.46,22.26
2018-03-01 03:18:00,2018-03-01 03:18:00,server01,21.859,130.2,22.3
2018-03-01 03:19:00,2018-03-01 03:19:00,server01,23.4,131.71,22.48
2018-03-01 03:20:00,2018-03-01 03:20:00,server01,23.605,130.26,21.76
2018-03-01 03:21:00,2018-03-01 03:21:00,server01,22.967,130.04,23.22
2018-03-01 03:22:00,2018-03-01 03:22:00,server01,23.162,131.35,22.33
2018-03-01 03:23:00,2018-03-01 03:23:00,server01,23.595,131.83,22.12
2018-03-01 03:24:00,2018-03-01 03:24:00,server01,22.976,131.18,22.13
2018-03-01 03:25:00,2018-03-01 03:25:00,server01,22.713,130.1,15.54
2018-03-01 03:26:00,2018-03-01 03:26:00,server01,21.708,130.47,23.7
2018-03-01 03:27:00,2018-03-01 03:27:00,server01,21.843,131.06,22.72
2018-03-01 03:28:00,2018-03-01 03:28:00,server02,24.434,89.41,22.22
2018-03-01 03:29:00,2018-03-01 03:29:00,server01,24.584,129.54,23.33
2018-03-01 03:30:00,2018-03-01 03:30:00,server01,25.37,130.95,22.24
2018-03-01 03:31:00,2018-03-01 03:31:00,server01,21.44,131.9,22.64
2018-03-01 03:32:00,2018-03-01 03:32:00,server01,25.147,127.15,22.31
2018-03-01 03:33:00,2018-03-01 03:33:00,server01,23.605,131.31,22.08
2018-03-01 03:34:00,2018-03-01 03:34:00,server01,21.619,131.92,22.55
2018-03-01 03:35:00,2018-03-01 03:35:00,server01,22.565,131.68,22.37
2018-03-01 03:36:00,2018-03-01 03:36:00,server01,22.301,131,23.72
2018-03-01 03:37:00,2018-03-01 03:37:00,server01,21.642,130.48,22.81
2018-03-01 03:38:00,2018-03-01 03:38:00,server01,25.13,131.54,22.98
2018-03-01 03:39:00,2018-03-01 03:39:00,server01,21.426,131.96,22.97
2018-03-01 03:40:00,2018-03-01 03:40:00,server01,22.93,131.65,23.53
2018-03-01 03:41:00,2018-03-01 03:41:00,server01,24.033,72.69,22.25
2018-03-01 03:42:00,2018-03-01 03:42:00,server01,22.546,130.94,22.31
2018-03-01 03:43:00,2018-03-01 03:43:00,server01,21.63,130.25,23.08
2018-03-01 03:44:00,2018-03-01 03:44:00,server01,23.373,113.02,21.74
2018-03-01 03:45:00,2018-03-01 03:45:00,server01,23.674,130.45,22.69
2018-03-01 03:46:00,2018-03-01 03:46:00,server01,22.074,131.4,18.11
2018-03-01 03:47:00,2018-03-01 03:47:00,server01,24.301,131.28,21.8
2018-03-01 03:48:00,2018-03-01 03:48:00,server01,23.397,131.03,22.1
2018-03-01 03:49:00,2018-03-01 03:49:00,server01,25.138,117.43,22.48
2018-03-01 03:50:00,2018-03-01 03:50:00,server01,22.054,131.08,23.54
2018-03-01 03:51:00,2018-03-01 03:51:00,server01,23.412,132.02,21.71
2018-03-01 03:52:00,2018-03-01 03:52:00,server01,24.107,131.46,22.18
2018-03-01 03:53:00,2018-03-01 03:53:00,server01,23.822,131.35,23.47
2018-03-01 03:54:00,2018-03-01 03:54:00,server01,25.574,131.59,22.91
2018-03-01 03:55:00,2018-03-01 03:55:00,server01,20.758,131.42,22.56
2018-03-01 03:56:00,2018-03-01 03:56:00,server01,21.85,130.81,22.51
2018-03-01 03:57:00,2018-03-01 03:57:00,server01,21.209,129.77,22.83
2018-03-01 03:58:00,2018-03-01 03:58:00,server01,22.175,130.59,22.99
2018-03-01 03:59:00,2018-03-01 03:59:00,server01,21.207,131.06,22.76
2018-03-01 04:00:00,2018-03-01 04:00:00,server01,21.123,131.53,23.34
2018-03-01 04:01:00,2018-03-01 04:01:00,server01,20.981,131.43,22.9
2018-03-01 04:02:00,2018-03-01 04:02:00,server01,22.675,130.8,21.22
2018-03-01 04:03:00,2018-03-01 04:03:00,server01,22.71,129.53,23.1
2018-03-01 04:04:00,2018-03-01 04:04:00,server02,24.372,88.2,19.45
2018-03-01 04:05:00,2018-03-01 04:05:00,server01,23.442,131.32,23.24
2018-03-01 04:06:00,2018-03-01 04:06:00,server01,22.088,130.74,22.15
2018-03-01 04:07:00,2018-03-01 04:07:00,server01,22.066,131.06,18.4
2018-03-01 04:08:00,2018-03-01 04:08:00,server01,23.833,130.39,22.66
2018-03-01 04:09:00,2018-03-01 04:09:00,server01,21.854,130.4,23.72
2018-03-01 04:10:00,2018-03-01 04:10:00,server02,24.998,82.3,20.13
2018-03-01 04:11:00,2018-03-01 04:11:00,server01,24.277,130.84,22.59
2018-03-01 04:12:00,2018-03-01 04:12:00,server01,21.205,129.39,22.97
2018-03-01 04:13:00,2018-03-01 04:13:00,server01,22.062,131.22,23.77
2018-03-01 04:14:00,2018-03-01 04:14:00,server01,22.059,131.6,22.3
2018-03-01 04:15:00,2018-03-01 04:15:00,server01,22.323,131.06,20.9
2018-03-01 04:16:00,2018-03-01 04:16:00,server01,22.066,130.63,23.11
2018-03-01 04:17:00,2018-03-01 04:17:00,server01,21.034,131.38,23.05
2018-03-01 04:18:00,2018-03-01 04:18:00,server01,23.116,130.22,22.85
2018-03-01 04:19:00,2018-03-01 04:19:00,server01,22.36,131.87,21.3
2018-03-01 04:20:00,2018-03-01 04:20:00,server01,25.581,131.57,20.95
2018-03-01 04:21:00,2018-03-01 04:21:00,server01,22.502,131.15,22.75
2018-03-01 04:22:00,2018-03-01 04:22:00,server01,21.41,130.9,18.25
2018-03-01 04:23:00,2018-03-01 04:23:00,server01,24.059,131.44,22.87
2018-03-01 04:24:00,2018-03-01 04:24:00,server01,21.215,131.76,22.06
2018-03-01 04:25:00,2018-03-01 04:25:00,server01,24.683,131.01,23.11
2018-03-01 04:26:00,2018-03-01 04:26:00,server02,25.337,87.71,21.09
2018-03-01 04:27:00,2018-03-01 04:27:00,server01,24.425,131.64,23.46
2018-03-01 04:28:00,2018-03-01 04:28:00,server01,22.501,130.62,22.42
2018-03-01 04:29:00,2018-03-01 04:29:00,server01,22.219,130.67,22.68
2018-03-01 04:30:00,2018-03-01 04:30:00,server01,22.053,131.97,21.84
2018-03-01 04:31:00,2018-03-01 04:31:00,server01,22.312,130.49,23.08
2018-03-01 04:32:00,2018-03-01 04:32:00,server01,24.25,130.52,22.78
2018-03-01 04:33:00,2018-03-01 04:33:00,server01,21.64,130.88,22.3
2018-03-01 04:34:00,2018-03-01 04:34:00,server01,23.227,131.04,22.21
2018-03-01 04:35:00,2018-03-01 04:35:00,server01,22.489,130.56,22.79
2018-03-01 04:36:00,2018-03-01 04:36:00,server01,21.821,131.12,22.51
2018-03-01 04:37:00,2018-03-01 04:37:00,server01,22.94,129.95,20.59
2018-03-01 04:38:00,2018-03-01 04:38:00,server01,21.569,129.57,23.22
2018-03-01 04:39:00,2018-03-01 04:39:00,server01,20.745,131.92,22.01
2018-03-01 04:40:00,2018-03-01 04:40:00,server01,21.187,131.1,22.39
2018-03-01 04:41:00,2018-03-01 04:41:00,server02,24.128,87.62,21.25
2018-03-01 04:42:00,2018-03-01 04:42:00,server01,22.969,131.5,22.99
2018-03-01 04:43:00,2018-03-01 04:43:00,server02,25.745,88.38,21.76
2018-03-01 04:44:00,2018-03-01 04:44:00,server01,22.937,129.73,22.46
2018-03-01 04:45:00,2018-03-01 04:45:00,server01,21.61,130.47,22.73
2018-03-01 04:46:00,2018-03-01 04:46:00,server01,23.842,130.85,23.17
2018-03-01 04:47:00,2018-03-01 04:47:00,server01,22.51,131.59,23.36
2018-03-01 04:48:00,2018-03-01 04:48:00,server01,21.416,130.46,22.9
2018-03-01 04:49:00,2018-03-01 04:49:00,server01,22.517,130.37,23.42
2018-03-01 04:50:00,2018-03-01 04:50:00,server01,23.174,131.04,22.16
2018-03-01 04:51:00,2018-03-01 04:51:00,server01,23.388,131.15,22.87
2018-03-01 04:52:00,2018-03-01 04:52:00,server01,22.309,129.83,22.53
2018-03-01 04:53:00,2018-03-01 04:53:00,server01,22.841,131.73,23.1
2018-03-01 04:54:00,2018-03-01 04:54:00,server01,22.501,130.25,21.96
2018-03-01 04:55:00,2018-03-01 04:55:00,server01,21.601,131.85,21.94
2018-03-01 04:56:00,2018-03-01 04:56:00,server01,21.19,130.8,22.69
2018-03-01 04:57:00,2018-03-01 04:57:00,server01,20.559,131.33,22.11
2018-03-01 04:58:00,2018-03-01 04:58:00,server01,23.607,129.9,22.68
2018-03-01 04:59:00,2018-03-01 04:59:00,server01,22.07,131.69,23.39
2018-03-01 05:00:00,2018-03-01 05:00:00,server01,23.394,126.2,22.77
2018-03-01 05:01:00,2018-03-01 05:01:00,server01,24.723,131.15,22.26
2018-03-01 05:02:00,2018-03-01 05:02:00,server02,24.731,90.73,21.53
2018-03-01 05:03:00,2018-03-01 05:03:00,server02,24.311,89.18,19.29
2018-03-01 05:04:00,2018-03-01 05:04:00,server01,22.292,130.94,22.36
2018-03-01 05:05:00,2018-03-01 05:05:00,server01,22.784,130.61,22.96
2018-03-01 05:06:00,2018-03-01 05:06:00,server01,24.305,131.25,22.27
2018-03-01 05:07:00,2018-03-01 05:07:00,server01,27.549,130.86,22.99
2018-03-01 05:08:00,2018-03-01 05:08:00,server01,22.061,131.25,23.53
2018-03-01 05:09:00,2018-03-01 05:09:00,server01,23.303,130.44,22.5
2018-03-01 05:10:00,2018-03-01 05:10:00,server01,22.282,131.82,20.6
2018-03-01 05:11:00,2018-03-01 05:11:00,server01,22.734,131.19,23.77
2018-03-01 05:12:00,2018-03-01 05:12:00,server01,21.366,115.63,22.32
2018-03-01 05:13:00,2018-03-01 05:13:00,server01,21.286,130.34,21.94
2018-03-01 05:14:00,2018-03-01 05:14:00,server01,21.349,131.21,22.72
2018-03-01 05:15:00,2018-03-01 05:15:00,server01,23.886,130.82,22.67
2018-03-01 05:16:00,2018-03-01 05:16:00,server01,22.541,130.4,23.23
2018-03-01 05:17:00,2018-03-01 05:17:00,server01,22.51,131.69,22.82
2018-03-01 05:18:00,2018-03-01 05:18:00,server01,21.206,129.91,22.26
2018-03-01 05:19:00,2018-03-01 05:19:00,server01,23.389,129.84,21.74
2018-03-01 05:20:00,2018-03-01 05:20:00,server01,23.171,132.12,21.35
2018-03-01 05:21:00,2018-03-01 05:21:00,server01,23.464,130.54,23.05
2018-03-01 05:22:00,2018-03-01 05:22:00,server01,24.385,131.38,21.83
2018-03-01 05:23:00,2018-03-01 05:23:00,server01,22.5,130.85,23.03
2018-03-01 05:24:00,2018-03-01 05:24:00,server01,21.642,131.33,21.16
2018-03-01 05:25:00,2018-03-01 05:25:00,server01,21.633,130.42,23.26
2018-03-01 05:26:00,2018-03-01 05:26:00,server01,22.718,130.56,22.51
2018-03-01 05:27:00,2018-03-01 05:27:00,server01,22.088,131.15,22.43
2018-03-01 05:28:00,2018-03-01 05:28:00,server01,23.38,130.52,14.85
2018-03-01 05:29:00,2018-03-01 05:29:00,server01,24.459,131.38,22.67
2018-03-01 05:30:00,2018-03-01 05:30:00,server01,20.757,131.59,22.5
2018-03-01 05:31:00,2018-03-01 05:31:00,server01,21.625,130.62,23.45
2018-03-01 05:32:00,2018-03-01 05:32:00,server01,23.594,130.58,19.67
2018-03-01 05:33:00,2018-03-01 05:33:00,server01,22.311,130.88,22.19
2018-03-01 05:34:00,2018-03-01 05:34:00,server01,22.108,131.27,23.02
2018-03-01 05:35:00,2018-03-01 05:35:00,server01,22.291,130.75,22.71
2018-03-01 05:36:00,2018-03-01 05:36:00,server01,22.281,131.47,22.77
2018-03-01 05:37:00,2018-03-01 05:37:00,server01,22.525,130.43,21.68
2018-03-01 05:38:00,2018-03-01 05:38:00,server02,24.227,86.11,19.37
2018-03-01 05:39:00,2018-03-01 05:39:00,server01,21.562,131.45,23.46
2018-03-01 05:40:00,2018-03-01 05:40:00,server01,24.253,130.62,22.49
2018-03-01 05:41:00,2018-03-01 05:41:00,server01,22.127,130.92,21.22
2018-03-01 05:42:00,2018-03-01 05:42:00,server01,21.41,131.1,22.02
2018-03-01 05:43:00,2018-03-01 05:43:00,server01,22.898,128.22,22.83
2018-03-01 05:44:00,2018-03-01 05:44:00,server01,23.375,131.08,23.29
2018-03-01 05:45:00,2018-03-01 05:45:00,server01,23.118,131.14,23.49
2018-03-01 05:46:00,2018-03-01 05:46:00,server01,21.182,126.51,21.5
2018-03-01 05:47:00,2018-03-01 05:47:00,server01,22.065,132.05,23.31
2018-03-01 05:48:00,2018-03-01 05:48:00,server01,22.068,129.42,21.56
2018-03-01 05:49:00,2018-03-01 05:49:00,server01,21.295,127.49,13.94
2018-03-01 05:50:00,2018-03-01 05:50:00,server01,21.419,127.87,23.1
2018-03-01 05:51:00,2018-03-01 05:51:00,server02,24.232,89.49,21.29
2018-03-01 05:52:00,2018-03-01 05:52:00,server01,22.368,130.7,22.23
2018-03-01 05:53:00,2018-03-01 05:53:00,server01,21.614,131.13,22.88
2018-03-01 05:54:00,2018-03-01 05:54:00,server01,23.408,131.55,23.19
2018-03-01 05:55:00,2018-03-01 05:55:00,server01,22.769,121.63,11.53
2018-03-01 05:56:00,2018-03-01 05:56:00,server01,22.315,131.73,23.44
2018-03-01 05:57:00,2018-03-01 05:57:00,server01,22.068,130.47,22.6
2018-03-01 05:58:00,2018-03-01 05:58:00,server01,21.672,131.93,21.93
2018-03-01 05:59:00,2018-03-01 05:59:00,server01,22.296,130.14,21.78
2018-03-01 06:00:00,2018-03-01 06:00:00,server01,22.066,132.05,21.08
2018-03-01 06:01:00,2018-03-01 06:01:00,server01,22.298,131.16,21.72
2018-03-01 06:02:00,2018-03-01 06:02:00,server01,22.967,131.72,22.9
2018-03-01 06:03:00,2018-03-01 06:03:00,server01,20.741,130.77,22.67
2018-03-01 06:04:00,2018-03-01 06:04:00,server01,21.64,131.22,21.43
2018-03-01 06:05:00,2018-03-01 06:05:00,server01,22.522,130.69,21.97
2018-03-01 06:06:00,2018-03-01 06:06:00,server01,23.378,128.8,22.54
2018-03-01 06:07:00,2018-03-01 06:07:00,server01,20.77,130.42,21.56
2018-03-01 06:08:00,2018-03-01 06:08:00,server01,22.61,131.1,21.83
2018-03-01 06:09:00,2018-03-01 06:09:00,server01,24.7,130.47,22.11
2018-03-01 06:10:00,2018-03-01 06:10:00,server02,26.647,88.75,19.54
2018-03-01 06:11:00,2018-03-01 06:11:00,server01,24.053,131.12,22.1
2018-03-01 06:12:00,2018-03-01 06:12:00,server01,23.916,120.41,22.85
2018-03-01 06:13:00,2018-03-01 06:13:00,server01,23.18,130.34,21.82
2018-03-01 06:14:00,2018-03-01 06:14:00,server02,25.173,88.47,20.02
2018-03-01 06:15:00,2018-03-01 06:15:00,server02,24.985,86.64,21.25
2018-03-01 06:16:00,2018-03-01 06:16:00,server02,26.907,88.53,16.37
2018-03-01 06:17:00,2018-03-01 06:17:00,server01,22.736,131.38,23.01
2018-03-01 06:18:00,2018-03-01 06:18:00,server01,23.816,130.93,22.71
2018-03-01 06:19:00,2018-03-01 06:19:00,server01,21.187,130.68,23.09
2018-03-01 06:20:00,2018-03-01 06:20:00,server01,22.952,132.05,20.91
2018-03-01 06:21:00,2018-03-01 06:21:00,server01,22.414,131.25,21.53
2018-03-01 06:22:00,2018-03-01 06:22:00,server01,22.069,131.56,22.93
2018-03-01 06:23:00,2018-03-01 06:23:00,server01,22.738,130.32,21.61
2018-03-01 06:24:00,2018-03-01 06:24:00,server01,24.485,130.4,23.43
2018-03-01 06:25:00,2018-03-01 06:25:00,server01,22.732,129.82,22.48
2018-03-01 06:26:00,2018-03-01 06:26:00,server01,24.475,130.48,23.57
2018-03-01 06:27:00,2018-03-01 06:27:00,server01,23.319,131.34,22.23
2018-03-01 06:28:00,2018-03-01 06:28:00,server01,22.292,130.5,22.96
2018-03-01 06:29:00,2018-03-01 06:29:00,server01,21.774,131.18,22.97
2018-03-01 06:30:00,2018-03-01 06:30:00,server01,21.205,130.46,21.74
2018-03-01 06:31:00,2018-03-01 06:31:00,server01,21.87,130.9,23.2
2018-03-01 06:32:00,2018-03-01 06:32:00,server01,26.669,130.16,23.2
2018-03-01 06:33:00,2018-03-01 06:33:00,server01,22.738,131.17,22.18
2018-03-01 06:34:00,2018-03-01 06:34:00,server01,21.85,70.48,21.52
2018-03-01 06:35:00,2018-03-01 06:35:00,server01,22.281,131.59,23.39
2018-03-01 06:36:00,2018-03-01 06:36:00,server01,21.829,130.31,23.24
2018-03-01 06:37:00,2018-03-01 06:37:00,server02,25.234,86.04,19.73
2018-03-01 06:38:00,2018-03-01 06:38:00,server01,22.312,131.23,23.09
2018-03-01 06:39:00,2018-03-01 06:39:00,server01,21.633,130.81,22.21
2018-03-01 06:40:00,2018-03-01 06:40:00,server01,22.522,129.5,22.39
2018-03-01 06:41:00,2018-03-01 06:41:00,server01,22.51,131.34,23.39
2018-03-01 06:42:00,2018-03-01 06:42:00,server01,24.251,130.52,22.62
2018-03-01 06:43:00,2018-03-01 06:43:00,server01,24.278,125.28,20.65
2018-03-01 06:44:00,2018-03-01 06:44:00,server02,24.908,86.98,19.83
2018-03-01 06:45:00,2018-03-01 06:45:00,server01,22.969,131.23,20.94
2018-03-01 06:46:00,2018-03-01 06:46:00,server01,22.81,131.9,22.07
2018-03-01 06:47:00,2018-03-01 06:47:00,server01,21.22,129.04,21.62
2018-03-01 06:48:00,2018-03-01 06:48:00,server01,21.418,130.69,21.51
2018-03-01 06:49:00,2018-03-01 06:49:00,server01,22.594,130.75,22.82
2018-03-01 06:50:00,2018-03-01 06:50:00,server01,21.421,130.22,22.71
2018-03-01 06:51:00,2018-03-01 06:51:00,server01,22.937,131.28,23.19
2018-03-01 06:52:00,2018-03-01 06:52:00,server01,22.285,130.49,21.11
2018-03-01 06:53:00,2018-03-01 06:53:00,server01,25.665,131.13,21.62
2018-03-01 06:54:00,2018-03-01 06:54:00,server01,24.011,130.43,23.18
2018-03-01 06:55:00,2018-03-01 06:55:00,server01,22.49,98.29,22.34
2018-03-01 06:56:00,2018-03-01 06:56:00,server01,21.844,130.67,23.01
2018-03-01 06:57:00,2018-03-01 06:57:00,server01,21.838,130.78,21.7
2018-03-01 06:58:00,2018-03-01 06:58:00,server02,31.244,89.13,21.25
2018-03-01 06:59:00,2018-03-01 06:59:00,server01,22.173,131.23,21.39
2018-03-01 07:00:00,2018-03-01 07:00:00,server01,21.94,131.93,23.51
2018-03-01 07:01:00,2018-03-01 07:01:00,server01,22.975,131.16,22.96
2018-03-01 07:02:00,2018-03-01 07:02:00,server01,23.652,131.72,22.61
2018-03-01 07:03:00,2018-03-01 07:03:00,server01,21.931,130.99,22.82
2018-03-01 07:04:00,2018-03-01 07:04:00,server01,23.665,131.41,21.27
2018-03-01 07:05:00,2018-03-01 07:05:00,server01,23.809,131.07,22.74
2018-03-01 07:06:00,2018-03-01 07:06:00,server01,23.303,129.96,22.32
2018-03-01 07:07:00,2018-03-01 07:07:00,server01,21.08,129.71,23.05
2018-03-01 07:08:00,2018-03-01 07:08:00,server01,22.283,72.58,22.32
2018-03-01 07:09:00,2018-03-01 07:09:00,server01,22.534,129.15,21.98
2018-03-01 07:10:00,2018-03-01 07:10:00,server01,24.322,131.52,21.8
2018-03-01 07:11:00,2018-03-01 07:11:00,server01,23.01,130.79,22.72
2018-03-01 07:12:00,2018-03-01 07:12:00,server01,23.605,130.12,22.74
2018-03-01 07:13:00,2018-03-01 07:13:00,server01,21.561,129.38,23.21
2018-03-01 07:14:00,2018-03-01 07:14:00,server02,24.4,89.44,21.85
2018-03-01 07:15:00,2018-03-01 07:15:00,server01,22.351,130.28,21.46
2018-03-01 07:16:00,2018-03-01 07:16:00,server01,22.488,130.51,22.86
2018-03-01 07:17:00,2018-03-01 07:17:00,server01,21.632,130.32,22.71
2018-03-01 07:18:00,2018-03-01 07:18:00,server01,21.454,130.85,22.59
2018-03-01 07:19:00,2018-03-01 07:19:00,server01,21.404,130.68,22.06
2018-03-01 07:20:00,2018-03-01 07:20:00,server01,21.95,131.44,23.01
2018-03-01 07:21:00,2018-03-01 07:21:00,server01,22.358,130.41,23.15
2018-03-01 07:22:00,2018-03-01 07:22:00,server01,23.902,131,22.09
2018-03-01 07:23:00,2018-03-01 07:23:00,server01,23.594,131.81,20.58
2018-03-01 07:24:00,2018-03-01 07:24:00,server01,22.644,131.66,23.15
2018-03-01 07:25:00,2018-03-01 07:25:00,server02,24.243,95.11,20.99
2018-03-01 07:26:00,2018-03-01 07:26:00,server01,21.629,131.6,21.92
2018-03-01 07:27:00,2018-03-01 07:27:00,server01,22.97,131.08,23.39
2018-03-01 07:28:00,2018-03-01 07:28:00,server01,21.413,131.03,22.26
2018-03-01 07:29:00,2018-03-01 07:29:00,server01,22.068,132.11,22.09
2018-03-01 07:30:00,2018-03-01 07:30:00,server01,22.529,130.71,22.53
2018-03-01 07:31:00,2018-03-01 07:31:00,server01,24.712,130.71,23.03
2018-03-01 07:32:00,2018-03-01 07:32:00,server01,22.508,130.66,22.51
2018-03-01 07:33:00,2018-03-01 07:33:00,server01,22.062,130.89,22.89
2018-03-01 07:34:00,2018-03-01 07:34:00,server01,22.485,131.59,21.06
2018-03-01 07:35:00,2018-03-01 07:35:00,server01,21.399,130.4,15.4
2018-03-01 07:36:00,2018-03-01 07:36:00,server01,25.12,131.44,21.88
2018-03-01 07:37:00,2018-03-01 07:37:00,server01,24.347,132.38,22.81
2018-03-01 07:38:00,2018-03-01 07:38:00,server01,21.153,131.67,23.63
2018-03-01 07:39:00,2018-03-01 07:39:00,server01,22.06,131.73,22.44
2018-03-01 07:40:00,2018-03-01 07:40:00,server01,22.713,131.77,23.53
2018-03-01 07:41:00,2018-03-01 07:41:00,server01,22.613,130.04,21.95
2018-03-01 07:42:00,2018-03-01 07:42:00,server01,24.609,131.38,23.72
2018-03-01 07:43:00,2018-03-01 07:43:00,server01,24.048,131.05,22.35
2018-03-01 07:44:00,2018-03-01 07:44:00,server02,23.912,90.32,20.34
2018-03-01 07:45:00,2018-03-01 07:45:00,server01,23.606,130.86,23.02
2018-03-01 07:46:00,2018-03-01 07:46:00,server01,24.027,130.69,22.43
2018-03-01 07:47:00,2018-03-01 07:47:00,server01,23.764,131.71,23.14
2018-03-01 07:48:00,2018-03-01 07:48:00,server01,22.878,130.53,22.53
2018-03-01 07:49:00,2018-03-01 07:49:00,server01,23.29,130.23,15.08
2018-03-01 07:50:00,2018-03-01 07:50:00,server02,24.232,93.64,20
2018-03-01 07:51:00,2018-03-01 07:51:00,server01,22.997,130.81,21.79
2018-03-01 07:52:00,2018-03-01 07:52:00,server01,24.27,131.41,21.91
2018-03-01 07:53:00,2018-03-01 07:53:00,server01,22.954,131.77,22.78
2018-03-01 07:54:00,2018-03-01 07:54:00,server02,24.489,94.8,18.92
2018-03-01 07:55:00,2018-03-01 07:55:00,server01,25.781,129.89,23.24
2018-03-01 07:56:00,2018-03-01 07:56:00,server01,20.936,131.7,23.45
2018-03-01 07:57:00,2018-03-01 07:57:00,server01,28.89,131.68,23.2
2018-03-01 07:58:00,2018-03-01 07:58:00,server01,22.776,129.14,23.06
2018-03-01 07:59:00,2018-03-01 07:59:00,server01,25.505,130.38,22.85
2018-03-01 08:00:00,2018-03-01 08:00:00,server01,22.554,99.74,22.52
2018-03-01 08:01:00,2018-03-01 08:01:00,server01,21.243,130.03,23.02
2018-03-01 08:02:00,2018-03-01 08:02:00,server01,25.772,129.67,18.14
2018-03-01 08:03:00,2018-03-01 08:03:00,server01,23.948,130.05,19.69
2018-03-01 08:04:00,2018-03-01 08:04:00,server02,22.625,92.68,21.93
2018-03-01 08:05:00,2018-03-01 08:05:00,server01,22.75,131.89,23.45
2018-03-01 08:06:00,2018-03-01 08:06:00,server01,22.317,130.48,22.99
2018-03-01 08:07:00,2018-03-01 08:07:00,server01,22.086,130.2,22.19
2018-03-01 08:08:00,2018-03-01 08:08:00,server01,22.953,131.31,22.02
2018-03-01 08:09:00,2018-03-01 08:09:00,server01,21.998,130.11,22.16
2018-03-01 08:10:00,2018-03-01 08:10:00,server02,24.156,92.55,21.1
2018-03-01 08:11:00,2018-03-01 08:11:00,server01,22.066,132.02,23.47
2018-03-01 08:12:00,2018-03-01 08:12:00,server01,22.074,130.31,22.2
2018-03-01 08:13:00,2018-03-01 08:13:00,server01,23.18,130.86,22.59
2018-03-01 08:14:00,2018-03-01 08:14:00,server01,22.558,109.62,22.22
2018-03-01 08:15:00,2018-03-01 08:15:00,server01,22.244,130.87,23.14
2018-03-01 08:16:00,2018-03-01 08:16:00,server01,22.797,131.25,20.58
2018-03-01 08:17:00,2018-03-01 08:17:00,server01,23.374,130.8,21.58
2018-03-01 08:18:00,2018-03-01 08:18:00,server02,24.571,38.37,19.73
2018-03-01 08:19:00,2018-03-01 08:19:00,server02,42.55,35.9,23.17
2018-03-01 08:20:00,2018-03-01 08:20:00,server02,23.194,73.51,21.59
2018-03-01 08:21:00,2018-03-01 08:21:00,server02,24.602,82.36,23.11
2018-03-01 08:22:00,2018-03-01 08:22:00,server01,21.866,131.16,23.03
2018-03-01 08:23:00,2018-03-01 08:23:00,server01,22.076,123.57,22.85
2018-03-01 08:24:00,2018-03-01 08:24:00,server01,22.731,130.56,23.04
2018-03-01 08:25:00,2018-03-01 08:25:00,server01,22.082,132.04,22.79
2018-03-01 08:26:00,2018-03-01 08:26:00,server01,22.928,128.45,22.6
2018-03-01 08:27:00,2018-03-01 08:27:00,server01,23.579,127.35,23.31
2018-03-01 08:28:00,2018-03-01 08:28:00,server01,21.217,129.92,22.04
2018-03-01 08:29:00,2018-03-01 08:29:00,server01,22.589,131.15,22.53
2018-03-01 08:30:00,2018-03-01 08:30:00,server01,23.155,131.65,21.95
2018-03-01 08:31:00,2018-03-01 08:31:00,server01,20.305,131.52,23.06
2018-03-01 08:32:00,2018-03-01 08:32:00,server01,23.367,131.13,22.61
2018-03-01 08:33:00,2018-03-01 08:33:00,server01,24.607,129.71,22.82
2018-03-01 08:34:00,2018-03-01 08:34:00,server01,22.315,130.72,23.32
2018-03-01 08:35:00,2018-03-01 08:35:00,server01,22.246,131.1,22.61
2018-03-01 08:36:00,2018-03-01 08:36:00,server01,22.452,130.61,23.59
2018-03-01 08:37:00,2018-03-01 08:37:00,server01,22.526,128.99,23.24
2018-03-01 08:38:00,2018-03-01 08:38:00,server01,24.017,131.37,23.46
2018-03-01 08:39:00,2018-03-01 08:39:00,server01,30.862,130.9,22.58
2018-03-01 08:40:00,2018-03-01 08:40:00,server01,21.461,129.77,22.14
2018-03-01 08:41:00,2018-03-01 08:41:00,server01,22.957,130.42,23.25
2018-03-01 08:42:00,2018-03-01 08:42:00,server01,22.519,131.66,23.32
2018-03-01 08:43:00,2018-03-01 08:43:00,server01,22.3,130.39,21.79
2018-03-01 08:44:00,2018-03-01 08:44:00,server01,22.517,131.92,22.64
2018-03-01 08:45:00,2018-03-01 08:45:00,server01,22.897,130.53,21.84
2018-03-01 08:46:00,2018-03-01 08:46:00,server01,22.821,130.88,22.69
2018-03-01 08:47:00,2018-03-01 08:47:00,server01,22.569,129.65,23.27
2018-03-01 08:48:00,2018-03-01 08:48:00,server01,21.633,126.48,22.2
2018-03-01 08:49:00,2018-03-01 08:49:00,server02,23.331,87.39,21.27
2018-03-01 08:50:00,2018-03-01 08:50:00,server01,22.196,131.28,20.58
2018-03-01 08:51:00,2018-03-01 08:51:00,server01,25.157,129.55,21.78
2018-03-01 08:52:00,2018-03-01 08:52:00,server01,22.059,125.3,19.23
2018-03-01 08:53:00,2018-03-01 08:53:00,server01,21.436,130.17,22.32
2018-03-01 08:54:00,2018-03-01 08:54:00,server01,24.181,129.98,22.41
2018-03-01 08:55:00,2018-03-01 08:55:00,server02,23.407,87.77,18.08
2018-03-01 08:56:00,2018-03-01 08:56:00,server01,21.641,129.37,22.82
2018-03-01 08:57:00,2018-03-01 08:57:00,server01,23.218,131.9,23
2018-03-01 08:58:00,2018-03-01 08:58:00,server01,22.585,129.52,21.67
2018-03-01 08:59:00,2018-03-01 08:59:00,server01,21.392,131.68,22.45
2018-03-01 09:00:00,2018-03-01 09:00:00,server01,23.826,129.35,20.01
2018-03-01 09:01:00,2018-03-01 09:01:00,server02,28.592,80.17,22.02
2018-03-01 09:02:00,2018-03-01 09:02:00,server01,21.206,107.88,23.17
2018-03-01 09:03:00,2018-03-01 09:03:00,server01,20.779,130.57,22.41
2018-03-01 09:04:00,2018-03-01 09:04:00,server02,27.354,88.85,21
2018-03-01 09:05:00,2018-03-01 09:05:00,server01,21.311,130.99,23.22
2018-03-01 09:06:00,2018-03-01 09:06:00,server01,22.081,130.3,21.68
2018-03-01 09:07:00,2018-03-01 09:07:00,server01,23.164,132.08,22.27
2018-03-01 09:08:00,2018-03-01 09:08:00,server01,23.489,132.35,23.05
2018-03-01 09:09:00,2018-03-01 09:09:00,server01,20.996,131.32,23.41
2018-03-01 09:10:00,2018-03-01 09:10:00,server01,22.958,131.22,22.86
2018-03-01 09:11:00,2018-03-01 09:11:00,server01,22.744,129.72,22.57
2018-03-01 09:12:00,2018-03-01 09:12:00,server01,24.503,131.79,23.36
2018-03-01 09:13:00,2018-03-01 09:13:00,server01,22.753,132.18,22.29
2018-03-01 09:14:00,2018-03-01 09:14:00,server01,22.954,131.79,21.88
2018-03-01 09:15:00,2018-03-01 09:15:00,server01,22.509,128.38,22.43
2018-03-01 09:16:00,2018-03-01 09:16:00,server01,21.874,108.56,22.23
2018-03-01 09:17:00,2018-03-01 09:17:00,server01,25.615,129.38,21.94
2018-03-01 09:18:00,2018-03-01 09:18:00,server01,25.331,129.83,20.76
2018-03-01 09:19:00,2018-03-01 09:19:00,server02,23.651,91.67,19.57
2018-03-01 09:20:00,2018-03-01 09:20:00,server01,23.353,131.19,22.99
2018-03-01 09:21:00,2018-03-01 09:21:00,server01,21.399,132.03,23.16
2018-03-01 09:22:00,2018-03-01 09:22:00,server01,22.52,130.45,22.02
2018-03-01 09:23:00,2018-03-01 09:23:00,server02,25.796,87.2,19.8
2018-03-01 09:24:00,2018-03-01 09:24:00,server01,22.953,131.37,22.02
2018-03-01 09:25:00,2018-03-01 09:25:00,server01,21.95,131.5,23.42
2018-03-01 09:26:00,2018-03-01 09:26:00,server01,21.63,129.23,21
2018-03-01 09:27:00,2018-03-01 09:27:00,server01,23.611,130.23,23.02
2018-03-01 09:28:00,2018-03-01 09:28:00,server01,22.337,131.04,22.54
2018-03-01 09:29:00,2018-03-01 09:29:00,server01,23.851,128.82,22.8
2018-03-01 09:30:00,2018-03-01 09:30:00,server01,21.678,131.12,23.28
2018-03-01 09:31:00,2018-03-01 09:31:00,server01,23.165,131.06,23.17
2018-03-01 09:32:00,2018-03-01 09:32:00,server01,21.792,130.06,23
2018-03-01 09:33:00,2018-03-01 09:33:00,server01,21.978,131.81,21.94
2018-03-01 09:34:00,2018-03-01 09:34:00,server01,23.646,129.56,21.44
2018-03-01 09:35:00,2018-03-01 09:35:00,server01,22.341,131.48,23.23
2018-03-01 09:36:00,2018-03-01 09:36:00,server01,22.779,130.46,21.52
2018-03-01 09:37:00,2018-03-01 09:37:00,server01,21.852,131.81,22.54
2018-03-01 09:38:00,2018-03-01 09:38:00,server01,23.566,131.69,23.27
2018-03-01 09:39:00,2018-03-01 09:39:00,server01,21.426,131.19,21.87
2018-03-01 09:40:00,2018-03-01 09:40:00,server01,24.892,130.76,22.99
2018-03-01 09:41:00,2018-03-01 09:41:00,server01,22.478,131.19,23.49
2018-03-01 09:42:00,2018-03-01 09:42:00,server01,22.719,131.49,22.74
2018-03-01 09:43:00,2018-03-01 09:43:00,server01,23.49,129.21,22.42
2018-03-01 09:44:00,2018-03-01 09:44:00,server01,21.858,130.15,22.18
2018-03-01 09:45:00,2018-03-01 09:45:00,server01,22.938,130.36,21.93
2018-03-01 09:46:00,2018-03-01 09:46:00,server01,22.064,130.68,17.71
2018-03-01 09:47:00,2018-03-01 09:47:00,server01,23.384,131.02,22.32
2018-03-01 09:48:00,2018-03-01 09:48:00,server01,21.435,131.5,20.59
2018-03-01 09:49:00,2018-03-01 09:49:00,server02,23.423,88.46,20.73
2018-03-01 09:50:00,2018-03-01 09:50:00,server01,23.188,130.84,21.85
2018-03-01 09:51:00,2018-03-01 09:51:00,server01,22.105,130.41,22.52
2018-03-01 09:52:00,2018-03-01 09:52:00,server01,23.367,129.6,22.21
2018-03-01 09:53:00,2018-03-01 09:53:00,server02,25.895,88.24,22.22
2018-03-01 09:54:00,2018-03-01 09:54:00,server01,21.723,131.24,22.19
2018-03-01 09:55:00,2018-03-01 09:55:00,server01,24.925,130.84,23.04
2018-03-01 09:56:00,2018-03-01 09:56:00,server01,21.15,130.91,21.21
2018-03-01 09:57:00,2018-03-01 09:57:00,server01,22.074,131.64,22.13
2018-03-01 09:58:00,2018-03-01 09:58:00,server01,21.616,130.38,21.27
2018-03-01 09:59:00,2018-03-01 09:59:00,server01,20.936,130.99,20.95
2018-03-01 10:00:00,2018-03-01 10:00:00,server02,24.088,88.85,19.5
2018-03-01 10:01:00,2018-03-01 10:01:00,server01,21.972,131.21,21.96
2018-03-01 10:02:00,2018-03-01 10:02:00,server01,21.376,130.1,22.71
2018-03-01 10:03:00,2018-03-01 10:03:00,server01,23.425,131.43,23.36
2018-03-01 10:04:00,2018-03-01 10:04:00,server01,22.492,131.56,23.6
2018-03-01 10:05:00,2018-03-01 10:05:00,server01,24.295,130.4,23.25
2018-03-01 10:06:00,2018-03-01 10:06:00,server01,22.528,132.32,23.11
2018-03-01 10:07:00,2018-03-01 10:07:00,server01,23.641,131.2,22.16
2018-03-01 10:08:00,2018-03-01 10:08:00,server01,21.593,130.39,22.05
2018-03-01 10:09:00,2018-03-01 10:09:00,server01,24.462,130.46,22.65
2018-03-01 10:10:00,2018-03-01 10:10:00,server01,25.263,131.91,22.25
2018-03-01 10:11:00,2018-03-01 10:11:00,server01,25.11,129.56,22.96
2018-03-01 10:12:00,2018-03-01 10:12:00,server01,22.811,130.18,21.57
2018-03-01 10:13:00,2018-03-01 10:13:00,server01,23.147,131.12,23.06
2018-03-01 10:14:00,2018-03-01 10:14:00,server01,24.932,131.41,22.59
2018-03-01 10:15:00,2018-03-01 10:15:00,server01,22.577,130.77,22.71
2018-03-01 10:16:00,2018-03-01 10:16:00,server01,22.932,130.34,23.27
2018-03-01 10:17:00,2018-03-01 10:17:00,server01,22.273,131.72,22.86
2018-03-01 10:18:00,2018-03-01 10:18:00,server01,22.092,96.78,22.61
2018-03-01 10:19:00,2018-03-01 10:19:00,server01,22.729,130.99,22.91
2018-03-01 10:20:00,2018-03-01 10:20:00,server01,21.516,131.28,22.5
2018-03-01 10:21:00,2018-03-01 10:21:00,server01,22.613,130.3,22.35
2018-03-01 10:22:00,2018-03-01 10:22:00,server01,21.606,131.42,22.74
2018-03-01 10:23:00,2018-03-01 10:23:00,server01,21.626,131.29,23.31
2018-03-01 10:24:00,2018-03-01 10:24:00,server01,21.862,131.28,23.42
2018-03-01 10:25:00,2018-03-01 10:25:00,server01,22.085,131.8,22.61
2018-03-01 10:26:00,2018-03-01 10:26:00,server01,24.467,132.04,22.45
2018-03-01 10:27:00,2018-03-01 10:27:00,server01,24.474,131.03,22.74
2018-03-01 10:28:00,2018-03-01 10:28:00,server02,25.55,87.2,20.35
2018-03-01 10:29:00,2018-03-01 10:29:00,server01,22.958,130.45,21.68
2018-03-01 10:30:00,2018-03-01 10:30:00,server01,20.304,130.03,21.6
2018-03-01 10:31:00,2018-03-01 10:31:00,server01,22.076,130.81,21.89
2018-03-01 10:32:00,2018-03-01 10:32:00,server01,21.631,130.24,21.38
2018-03-01 10:33:00,2018-03-01 10:33:00,server01,22.63,131.38,23.04
2018-03-01 10:34:00,2018-03-01 10:34:00,server01,28.487,129.46,16.25
2018-03-01 10:35:00,2018-03-01 10:35:00,server01,21.859,130.74,22.15
2018-03-01 10:36:00,2018-03-01 10:36:00,server01,23.476,131.1,22.41
2018-03-01 10:37:00,2018-03-01 10:37:00,server01,22.228,132.09,20.81
2018-03-01 10:38:00,2018-03-01 10:38:00,server01,22.961,131.63,23.87
2018-03-01 10:39:00,2018-03-01 10:39:00,server01,22.73,130.77,21.67
2018-03-01 10:40:00,2018-03-01 10:40:00,server01,22.289,131.2,23.56
2018-03-01 10:41:00,2018-03-01 10:41:00,server01,21.397,131.23,22.1
2018-03-01 10:42:00,2018-03-01 10:42:00,server01,21.951,131.3,22.98
2018-03-01 10:43:00,2018-03-01 10:43:00,server01,22.316,130.89,22.85
2018-03-01 10:44:00,2018-03-01 10:44:00,server01,21.599,130.77,22.67
2018-03-01 10:45:00,2018-03-01 10:45:00,server01,22.138,130.85,20.99
2018-03-01 10:46:00,2018-03-01 10:46:00,server01,21.585,129.24,20.75
2018-03-01 10:47:00,2018-03-01 10:47:00,server01,22.082,131.39,21.28
2018-03-01 10:48:00,2018-03-01 10:48:00,server01,22.536,129.18,22.47
2018-03-01 10:49:00,2018-03-01 10:49:00,server01,22.711,131.67,23.35
2018-03-01 10:50:00,2018-03-01 10:50:00,server01,25.89,131.23,23.07
2018-03-01 10:51:00,2018-03-01 10:51:00,server01,23.86,131.85,23.44
2018-03-01 10:52:00,2018-03-01 10:52:00,server01,22.744,131.23,22.53
2018-03-01 10:53:00,2018-03-01 10:53:00,server01,22.729,131.13,22.76
2018-03-01 10:54:00,2018-03-01 10:54:00,server01,22.745,131.41,22.62
2018-03-01 10:55:00,2018-03-01 10:55:00,server02,24.804,92.63,19.59
2018-03-01 10:56:00,2018-03-01 10:56:00,server01,21.629,131.53,22.05
2018-03-01 10:57:00,2018-03-01 10:57:00,server01,20.987,130.92,22.75
2018-03-01 10:58:00,2018-03-01 10:58:00,server01,25.999,131.18,22.26
2018-03-01 10:59:00,2018-03-01 10:59:00,server01,23.199,131.44,22.83
2018-03-01 11:00:00,2018-03-01 11:00:00,server01,23.52,131.93,21.73
2018-03-01 11:01:00,2018-03-01 11:01:00,server01,23.797,131.46,23.43
2018-03-01 11:02:00,2018-03-01 11:02:00,server01,22.738,131.28,22.81
2018-03-01 11:03:00,2018-03-01 11:03:00,server01,22.272,128.73,22
2018-03-01 11:04:00,2018-03-01 11:04:00,server01,21.503,130.12,23.18
2018-03-01 11:05:00,2018-03-01 11:05:00,server01,24.709,128.54,22.63
2018-03-01 11:06:00,2018-03-01 11:06:00,server01,26.875,126.87,18.25
2018-03-01 11:07:00,2018-03-01 11:07:00,server01,22.503,127.82,22.87
2018-03-01 11:08:00,2018-03-01 11:08:00,server01,22.813,130.28,22.38
2018-03-01 11:09:00,2018-03-01 11:09:00,server01,24.706,129.63,22.81
2018-03-01 11:10:00,2018-03-01 11:10:00,server01,21.666,129.57,22.37
2018-03-01 11:11:00,2018-03-01 11:11:00,server02,24.346,93.41,21.07
2018-03-01 11:12:00,2018-03-01 11:12:00,server01,22.501,131.35,21.76
2018-03-01 11:13:00,2018-03-01 11:13:00,server01,21.873,131.87,22.77
2018-03-01 11:14:00,2018-03-01 11:14:00,server01,23.194,131.02,22.3
2018-03-01 11:15:00,2018-03-01 11:15:00,server01,22.503,131.4,22.09
2018-03-01 11:16:00,2018-03-01 11:16:00,server01,22.08,129.42,22.3
2018-03-01 11:17:00,2018-03-01 11:17:00,server01,22.926,131.2,19.53
2018-03-01 11:18:00,2018-03-01 11:18:00,server01,23.172,129.94,22.68
2018-03-01 11:19:00,2018-03-01 11:19:00,server01,22.517,130.12,22.65
2018-03-01 11:20:00,2018-03-01 11:20:00,server01,23.142,131.1,17.38
2018-03-01 11:21:00,2018-03-01 11:21:00,server01,22.116,131.32,23.37
2018-03-01 11:22:00,2018-03-01 11:22:00,server01,21.866,130.74,20.56
2018-03-01 11:23:00,2018-03-01 11:23:00,server01,21.851,130.14,22.84
2018-03-01 11:24:00,2018-03-01 11:24:00,server01,25.378,129.44,22.4
2018-03-01 11:25:00,2018-03-01 11:25:00,server01,21.361,130.39,22.54
2018-03-01 11:26:00,2018-03-01 11:26:00,server01,25.138,129.02,22.78
2018-03-01 11:27:00,2018-03-01 11:27:00,server01,22.751,131.14,22.67
2018-03-01 11:28:00,2018-03-01 11:28:00,server01,22.01,126.89,23.53
2018-03-01 11:29:00,2018-03-01 11:29:00,server01,22.304,128.21,22.58
2018-03-01 11:30:00,2018-03-01 11:30:00,server01,21.747,128.88,23.11
2018-03-01 11:31:00,2018-03-01 11:31:00,server01,22.736,129.27,20.86
2018-03-01 11:32:00,2018-03-01 11:32:00,server02,26.944,92.06,22.32
2018-03-01 11:33:00,2018-03-01 11:33:00,server01,23.816,130.19,22.79
2018-03-01 11:34:00,2018-03-01 11:34:00,server01,21.608,126.7,21.89
2018-03-01 11:35:00,2018-03-01 11:35:00,server01,22.532,124.53,19.09
2018-03-01 11:36:00,2018-03-01 11:36:00,server01,22.938,130.69,12.37
2018-03-01 11:37:00,2018-03-01 11:37:00,server01,21.629,129.38,23.09
2018-03-01 11:38:00,2018-03-01 11:38:00,server01,23.893,126.75,21.34
2018-03-01 11:39:00,2018-03-01 11:39:00,server01,21.851,131.16,23.06
2018-03-01 11:40:00,2018-03-01 11:40:00,server01,21.18,128.43,23.26
2018-03-01 11:41:00,2018-03-01 11:41:00,server01,20.785,127.07,23.14
2018-03-01 11:42:00,2018-03-01 11:42:00,server01,22.972,129.92,22.59
2018-03-01 11:43:00,2018-03-01 11:43:00,server01,24.43,130.25,21.17
2018-03-01 11:44:00,2018-03-01 11:44:00,server01,22.757,132.08,19.75
2018-03-01 11:45:00,2018-03-01 11:45:00,server01,21.647,130.79,22.96
2018-03-01 11:46:00,2018-03-01 11:46:00,server01,21.86,131.95,22.44
2018-03-01 11:47:00,2018-03-01 11:47:00,server01,23.386,131,23.23
2018-03-01 11:48:00,2018-03-01 11:48:00,server01,21.697,130.56,23.46
2018-03-01 11:49:00,2018-03-01 11:49:00,server02,23.966,95.32,19.09
2018-03-01 11:50:00,2018-03-01 11:50:00,server01,23.095,131.03,23.47
2018-03-01 11:51:00,2018-03-01 11:51:00,server01,22.281,131.46,23.29
2018-03-01 11:52:00,2018-03-01 11:52:00,server01,21.623,131.81,21.27
2018-03-01 11:53:00,2018-03-01 11:53:00,server01,22.008,131.4,21.84
2018-03-01 11:54:00,2018-03-01 11:54:00,server01,23.173,130.57,23.71
2018-03-01 11:55:00,2018-03-01 11:55:00,server01,21.833,130.78,22.81
2018-03-01 11:56:00,2018-03-01 11:56:00,server01,22.311,128.59,22.79
2018-03-01 11:57:00,2018-03-01 11:57:00,server02,23.929,101.04,19
2018-03-01 11:58:00,2018-03-01 11:58:00,server02,24.636,94.82,21.63
2018-03-01 11:59:00,2018-03-01 11:59:00,server01,22.296,131.37,23.4
2018-03-01 12:00:00,2018-03-01 12:00:00,server01,26.888,129.59,21.76
2018-03-01 12:01:00,2018-03-01 12:01:00,server01,23.823,131.54,20.46
2018-03-01 12:02:00,2018-03-01 12:02:00,server02,22.907,88.82,22.9
2018-03-01 12:03:00,2018-03-01 12:03:00,server01,24.94,130.79,22.38
2018-03-01 12:04:00,2018-03-01 12:04:00,server01,20.976,130.42,23.37
2018-03-01 12:05:00,2018-03-01 12:05:00,server01,21.872,130.47,22.81
2018-03-01 12:06:00,2018-03-01 12:06:00,server01,24.274,131.33,23.59
2018-03-01 12:07:00,2018-03-01 12:07:00,server01,21.216,131.07,22.89
2018-03-01 12:08:00,2018-03-01 12:08:00,server01,20.344,129.6,21.16
2018-03-01 12:09:00,2018-03-01 12:09:00,server01,21.145,131.12,22.98
2018-03-01 12:10:00,2018-03-01 12:10:00,server01,22.677,131.03,22.33
2018-03-01 12:11:00,2018-03-01 12:11:00,server01,21.674,130.82,23.11
2018-03-01 12:12:00,2018-03-01 12:12:00,server01,23.654,131.14,21.01
2018-03-01 12:13:00,2018-03-01 12:13:00,server01,24.407,130.94,22.22
2018-03-01 12:14:00,2018-03-01 12:14:00,server01,21.915,131.16,21.74
2018-03-01 12:15:00,2018-03-01 12:15:00,server01,21.853,131.06,21.03
2018-03-01 12:16:00,2018-03-01 12:16:00,server01,21.624,131.43,22.75
2018-03-01 12:17:00,2018-03-01 12:17:00,server02,25.106,69.04,21.76
2018-03-01 12:18:00,2018-03-01 12:18:00,server01,23.149,130.79,21.91
2018-03-01 12:19:00,2018-03-01 12:19:00,server01,22.566,131.01,21.37
2018-03-01 12:20:00,2018-03-01 12:20:00,server01,22.774,130.75,23.12
2018-03-01 12:21:00,2018-03-01 12:21:00,server01,22.667,131.03,23.05
2018-03-01 12:22:00,2018-03-01 12:22:00,server02,30.836,85.83,22.64
2018-03-01 12:23:00,2018-03-01 12:23:00,server02,25.555,83.96,20.7
2018-03-01 12:24:00,2018-03-01 12:24:00,server01,20.219,130.47,22.86
2018-03-01 12:25:00,2018-03-01 12:25:00,server01,24.738,119.39,22.29
2018-03-01 12:26:00,2018-03-01 12:26:00,server01,22.959,126.8,22.74
2018-03-01 12:27:00,2018-03-01 12:27:00,server01,22.31,129.61,22.52
2018-03-01 12:28:00,2018-03-01 12:28:00,server01,21.665,131.53,23.56
2018-03-01 12:29:00,2018-03-01 12:29:00,server01,22.492,130.62,23.27
2018-03-01 12:30:00,2018-03-01 12:30:00,server01,23.832,131.14,22.4
2018-03-01 12:31:00,2018-03-01 12:31:00,server01,22.271,130.5,21.92
2018-03-01 12:32:00,2018-03-01 12:32:00,server01,25.356,131.76,21.76
2018-03-01 12:33:00,2018-03-01 12:33:00,server01,23.595,130.68,23.15
2018-03-01 12:34:00,2018-03-01 12:34:00,server01,22.588,130.93,23.31
2018-03-01 12:35:00,2018-03-01 12:35:00,server01,23.148,130.5,12.14
2018-03-01 12:36:00,2018-03-01 12:36:00,server01,21.847,130.62,21.97
2018-03-01 12:37:00,2018-03-01 12:37:00,server01,23.2,130.71,22.71
2018-03-01 12:38:00,2018-03-01 12:38:00,server01,24.5,131.28,21.63
2018-03-01 12:39:00,2018-03-01 12:39:00,server01,22.12,130.3,23.32
2018-03-01 12:40:00,2018-03-01 12:40:00,server01,20.961,131.39,23.58
2018-03-01 12:41:00,2018-03-01 12:41:00,server01,23.154,130.64,23.48
2018-03-01 12:42:00,2018-03-01 12:42:00,server01,22.274,130.7,23.08
2018-03-01 12:43:00,2018-03-01 12:43:00,server02,25.165,86.08,19.38
2018-03-01 12:44:00,2018-03-01 12:44:00,server01,24.227,127.61,22.59
2018-03-01 12:45:00,2018-03-01 12:45:00,server01,23.562,130.36,21.63
2018-03-01 12:46:00,2018-03-01 12:46:00,server01,22.479,130.22,22.27
2018-03-01 12:47:00,2018-03-01 12:47:00,server02,24.122,87.8,22.08
2018-03-01 12:48:00,2018-03-01 12:48:00,server01,25.331,126.74,12.27
2018-03-01 12:49:00,2018-03-01 12:49:00,server01,23.099,130.6,23.51
2018-03-01 12:50:00,2018-03-01 12:50:00,server01,22.71,129.88,21.11
2018-03-01 12:51:00,2018-03-01 12:51:00,server01,21.64,131.39,23.45
2018-03-01 12:52:00,2018-03-01 12:52:00,server01,22.507,130.65,22.41
2018-03-01 12:53:00,2018-03-01 12:53:00,server02,25.536,80.77,14.57
2018-03-01 12:54:00,2018-03-01 12:54:00,server02,24.803,90.05,20.26
2018-03-01 12:55:00,2018-03-01 12:55:00,server01,21.187,120.98,21.43
2018-03-01 12:56:00,2018-03-01 12:56:00,server01,22.334,129.94,22.95
2018-03-01 12:57:00,2018-03-01 12:57:00,server01,22.54,130.95,22.04
2018-03-01 12:58:00,2018-03-01 12:58:00,server01,23.408,132.11,22.85
2018-03-01 12:59:00,2018-03-01 12:59:00,server01,24.463,130,21.67
2018-03-01 13:00:00,2018-03-01 13:00:00,server01,22.934,131.08,22.8
2018-03-01 13:01:00,2018-03-01 13:01:00,server01,23.826,130.77,22.27
2018-03-01 13:02:00,2018-03-01 13:02:00,server01,21.428,131.23,22.62
2018-03-01 13:03:00,2018-03-01 13:03:00,server01,24.041,129.29,21.63
2018-03-01 13:04:00,2018-03-01 13:04:00,server01,24.041,131.19,20.18
2018-03-01 13:05:00,2018-03-01 13:05:00,server01,24.259,131.17,22.13
2018-03-01 13:06:00,2018-03-01 13:06:00,server01,22.215,130.38,21.38
2018-03-01 13:07:00,2018-03-01 13:07:00,server02,25.497,90.82,23.25
2018-03-01 13:08:00,2018-03-01 13:08:00,server01,23.447,129.2,21.83
2018-03-01 13:09:00,2018-03-01 13:09:00,server02,24.885,88.82,20.19
2018-03-01 13:10:00,2018-03-01 13:10:00,server01,22.495,128.69,22.83
2018-03-01 13:11:00,2018-03-01 13:11:00,server01,23.62,130.68,22.05
2018-03-01 13:12:00,2018-03-01 13:12:00,server01,21.844,131.44,22.42
2018-03-01 13:13:00,2018-03-01 13:13:00,server01,21.456,130.83,23.3
2018-03-01 13:14:00,2018-03-01 13:14:00,server01,26.023,131.59,22.13
2018-03-01 13:15:00,2018-03-01 13:15:00,server01,21.619,130.81,22.49
2018-03-01 13:16:00,2018-03-01 13:16:00,server01,24.696,131.93,22.95
2018-03-01 13:17:00,2018-03-01 13:17:00,server01,21.434,131.59,21.87
2018-03-01 13:18:00,2018-03-01 13:18:00,server01,22.729,130.79,21.28
2018-03-01 13:19:00,2018-03-01 13:19:00,server01,22.529,131.16,20.23
2018-03-01 13:20:00,2018-03-01 13:20:00,server01,23.091,130.99,21.53
2018-03-01 13:21:00,2018-03-01 13:21:00,server02,23.394,88.22,20.08
2018-03-01 13:22:00,2018-03-01 13:22:00,server01,22.088,131.2,21.32
2018-03-01 13:23:00,2018-03-01 13:23:00,server02,25.097,77.73,22.23
2018-03-01 13:24:00,2018-03-01 13:24:00,server01,23.399,130.23,21.45
2018-03-01 13:25:00,2018-03-01 13:25:00,server01,24.481,130.9,21.81
2018-03-01 13:26:00,2018-03-01 13:26:00,server01,24.518,130.81,23.37
2018-03-01 13:27:00,2018-03-01 13:27:00,server01,21.654,130.63,22.45
2018-03-01 13:28:00,2018-03-01 13:28:00,server01,21.508,131.05,23.43
2018-03-01 13:29:00,2018-03-01 13:29:00,server01,22.898,122.29,21.83
2018-03-01 13:30:00,2018-03-01 13:30:00,server01,22.981,130.78,23.22
2018-03-01 13:31:00,2018-03-01 13:31:00,server01,23.241,130.24,20.95
2018-03-01 13:32:00,2018-03-01 13:32:00,server01,23.795,131.17,22.91
2018-03-01 13:33:00,2018-03-01 13:33:00,server01,23.014,132.28,23.09
2018-03-01 13:34:00,2018-03-01 13:34:00,server01,23.329,131.07,23.28
2018-03-01 13:35:00,2018-03-01 13:35:00,server02,26.708,96.09,22.21
2018-03-01 13:36:00,2018-03-01 13:36:00,server01,22.978,127.75,22.99
2018-03-01 13:37:00,2018-03-01 13:37:00,server01,21.854,130.27,23.04
2018-03-01 13:38:00,2018-03-01 13:38:00,server01,22.765,127.63,21.36
2018-03-01 13:39:00,2018-03-01 13:39:00,server01,20.542,131.37,22.28
2018-03-01 13:40:00,2018-03-01 13:40:00,server01,22.057,130.42,13.66
2018-03-01 13:41:00,2018-03-01 13:41:00,server01,22.719,131.7,19.66
2018-03-01 13:42:00,2018-03-01 13:42:00,server01,23.393,131.21,22.39
2018-03-01 13:43:00,2018-03-01 13:43:00,server01,23.465,129.76,22.73
2018-03-01 13:44:00,2018-03-01 13:44:00,server01,23.199,130.68,22.82
2018-03-01 13:45:00,2018-03-01 13:45:00,server01,21.03,130.44,22.65
2018-03-01 13:46:00,2018-03-01 13:46:00,server01,22.951,130.64,22.53
2018-03-01 13:47:00,2018-03-01 13:47:00,server01,23.113,131.61,23.41
2018-03-01 13:48:00,2018-03-01 13:48:00,server02,23.735,88.29,22.62
2018-03-01 13:49:00,2018-03-01 13:49:00,server01,23.64,130.8,22.65
2018-03-01 13:50:00,2018-03-01 13:50:00,server01,21.218,131.6,23.51
2018-03-01 13:51:00,2018-03-01 13:51:00,server01,22.733,103.59,22.95
2018-03-01 13:52:00,2018-03-01 13:52:00,server01,22.437,126.22,22.52
2018-03-01 13:53:00,2018-03-01 13:53:00,server01,21.639,126.59,22.49
2018-03-01 13:54:00,2018-03-01 13:54:00,server01,23.19,125.61,22.92
2018-03-01 13:55:00,2018-03-01 13:55:00,server01,20.792,129.41,22.78
2018-03-01 13:56:00,2018-03-01 13:56:00,server01,21.905,130.6,23.38
2018-03-01 13:57:00,2018-03-01 13:57:00,server02,28.17,91.25,22.77
2018-03-01 13:58:00,2018-03-01 13:58:00,server01,22.273,129.57,23.12
2018-03-01 13:59:00,2018-03-01 13:59:00,server01,22.339,129.76,22.74
2018-03-01 14:00:00,2018-03-01 14:00:00,server01,21.432,129.27,21.56
2018-03-01 14:01:00,2018-03-01 14:01:00,server01,22.938,129.12,21.31
2018-03-01 14:02:00,2018-03-01 14:02:00,server01,24.268,128.64,22.06
2018-03-01 14:03:00,2018-03-01 14:03:00,server01,21.883,128.05,22.08
2018-03-01 14:04:00,2018-03-01 14:04:00,server02,25.315,93.65,23.45
2018-03-01 14:05:00,2018-03-01 14:05:00,server01,21.716,127.17,14.38
2018-03-01 14:06:00,2018-03-01 14:06:00,server01,21.865,128.32,21.83
2018-03-01 14:07:00,2018-03-01 14:07:00,server01,22.598,129.17,22.18
2018-03-01 14:08:00,2018-03-01 14:08:00,server01,22.106,126.59,21.55
2018-03-01 14:09:00,2018-03-01 14:09:00,server01,22.13,129.5,22.71
2018-03-01 14:10:00,2018-03-01 14:10:00,server01,26.205,130.32,22.82
2018-03-01 14:11:00,2018-03-01 14:11:00,server01,21.85,130.37,22.72
2018-03-01 14:12:00,2018-03-01 14:12:00,server01,20.476,129.27,22.78
2018-03-01 14:13:00,2018-03-01 14:13:00,server01,23.204,126.55,22.66
2018-03-01 14:14:00,2018-03-01 14:14:00,server01,21.908,94.65,22.54
2018-03-01 14:15:00,2018-03-01 14:15:00,server01,21.858,131.14,23.56
2018-03-01 14:16:00,2018-03-01 14:16:00,server01,25.372,126.94,20.98
2018-03-01 14:17:00,2018-03-01 14:17:00,server01,22.676,128.8,23.09
2018-03-01 14:18:00,2018-03-01 14:18:00,server01,24.273,129.37,21.99
2018-03-01 14:19:00,2018-03-01 14:19:00,server01,23.174,128.27,22.76
2018-03-01 14:20:00,2018-03-01 14:20:00,server01,20.619,129.13,22.33
2018-03-01 14:21:00,2018-03-01 14:21:00,server01,22.076,127.8,23.27
2018-03-01 14:22:00,2018-03-01 14:22:00,server01,22.544,128.58,22.36
2018-03-01 14:23:00,2018-03-01 14:23:00,server01,24.077,130.51,23.1
2018-03-01 14:24:00,2018-03-01 14:24:00,server01,20.95,128.25,23.18
2018-03-01 14:25:00,2018-03-01 14:25:00,server01,23.253,124.35,23.11
2018-03-01 14:26:00,2018-03-01 14:26:00,server01,22.767,129.93,22.9
2018-03-01 14:27:00,2018-03-01 14:27:00,server01,22.121,131.11,22.92
2018-03-01 14:28:00,2018-03-01 14:28:00,server01,20.762,131.56,23.38
2018-03-01 14:29:00,2018-03-01 14:29:00,server01,23.086,130.13,22.99
2018-03-01 14:30:00,2018-03-01 14:30:00,server01,21.679,130.16,21.91
2018-03-01 14:31:00,2018-03-01 14:31:00,server02,24.247,87.64,21.52
2018-03-01 14:32:00,2018-03-01 14:32:00,server01,22.832,126.19,22.66
2018-03-01 14:33:00,2018-03-01 14:33:00,server01,24.56,128.12,19.61
2018-03-01 14:34:00,2018-03-01 14:34:00,server01,21.419,130.23,23.29
2018-03-01 14:35:00,2018-03-01 14:35:00,server01,24.212,129.69,21.52
2018-03-01 14:36:00,2018-03-01 14:36:00,server01,22.53,130.2,23.32
2018-03-01 14:37:00,2018-03-01 14:37:00,server01,22.932,131.2,21.64
2018-03-01 14:38:00,2018-03-01 14:38:00,server01,23.641,123.69,22.42
2018-03-01 14:39:00,2018-03-01 14:39:00,server01,23.24,131.33,21.29
2018-03-01 14:40:00,2018-03-01 14:40:00,server01,21.208,125.7,23.1
2018-03-01 14:41:00,2018-03-01 14:41:00,server01,21.856,130.28,22.42
2018-03-01 14:42:00,2018-03-01 14:42:00,server01,20.996,131.67,21.82
2018-03-01 14:43:00,2018-03-01 14:43:00,server01,22.197,131.65,22.26
2018-03-01 14:44:00,2018-03-01 14:44:00,server01,20.343,130.56,20.99
2018-03-01 14:45:00,2018-03-01 14:45:00,server01,25.58,129.5,22.68
2018-03-01 14:46:00,2018-03-01 14:46:00,server01,21.806,129.28,22.38
2018-03-01 14:47:00,2018-03-01 14:47:00,server01,21.02,127.5,22.62
2018-03-01 14:48:00,2018-03-01 14:48:00,server01,26.264,125.34,19.79
2018-03-01 14:49:00,2018-03-01 14:49:00,server01,24.315,129.64,20.96
2018-03-01 14:50:00,2018-03-01 14:50:00,server01,22.738,131.2,21.54
2018-03-01 14:51:00,2018-03-01 14:51:00,server02,24.592,80.92,19.53
2018-03-01 14:52:00,2018-03-01 14:52:00,server01,23.561,126.53,21.97
2018-03-01 14:53:00,2018-03-01 14:53:00,server01,22.901,127.5,22.58
2018-03-01 14:54:00,2018-03-01 14:54:00,server01,20.649,129.37,23.03
2018-03-01 14:55:00,2018-03-01 14:55:00,server01,20.198,127.86,21
2018-03-01 14:56:00,2018-03-01 14:56:00,server01,21.133,129.49,22.72
2018-03-01 14:57:00,2018-03-01 14:57:00,server02,27.12,93.14,22.55
2018-03-01 14:58:00,2018-03-01 14:58:00,server01,24.909,127.2,21.74
2018-03-01 14:59:00,2018-03-01 14:59:00,server01,22.719,125.53,21.55
2018-03-01 15:00:00,2018-03-01 15:00:00,server01,21.888,126.9,20.71
2018-03-01 15:01:00,2018-03-01 15:01:00,server01,22.097,129.4,21.71
2018-03-01 15:02:00,2018-03-01 15:02:00,server02,22.102,96.66,20.74
2018-03-01 15:03:00,2018-03-01 15:03:00,server02,29.376,97.98,20.28
2018-03-01 15:04:00,2018-03-01 15:04:00,server01,20.356,125.8,22.47
2018-03-01 15:05:00,2018-03-01 15:05:00,server01,24.281,131.12,22.36
2018-03-01 15:06:00,2018-03-01 15:06:00,server01,22.972,130.19,21.53
2018-03-01 15:07:00,2018-03-01 15:07:00,server01,22.724,114.23,21.28
2018-03-01 15:08:00,2018-03-01 15:08:00,server01,23.76,127.81,22.92
2018-03-01 15:09:00,2018-03-01 15:09:00,server01,22.677,131.73,23
2018-03-01 15:10:00,2018-03-01 15:10:00,server01,22.696,129.5,18.04
2018-03-01 15:11:00,2018-03-01 15:11:00,server01,22.959,127.62,20.71
2018-03-01 15:12:00,2018-03-01 15:12:00,server01,22.086,129.83,22.49
2018-03-01 15:13:00,2018-03-01 15:13:00,server01,20.978,129.29,23.11
2018-03-01 15:14:00,2018-03-01 15:14:00,server01,21.897,124.22,21.69
2018-03-01 15:15:00,2018-03-01 15:15:00,server01,26.887,129.83,22.75
2018-03-01 15:16:00,2018-03-01 15:16:00,server02,25.7,96.92,21.21
2018-03-01 15:17:00,2018-03-01 15:17:00,server01,21.68,130.93,22.27
2018-03-01 15:18:00,2018-03-01 15:18:00,server01,22.954,130.22,22.98
2018-03-01 15:19:00,2018-03-01 15:19:00,server01,23.893,130.78,23.03
2018-03-01 15:20:00,2018-03-01 15:20:00,server01,22.613,130.94,23.04
2018-03-01 15:21:00,2018-03-01 15:21:00,server01,26.236,131.85,23.43
2018-03-01 15:22:00,2018-03-01 15:22:00,server01,22.091,130.94,22.08
2018-03-01 15:23:00,2018-03-01 15:23:00,server01,23.869,131.02,23.44
2018-03-01 15:24:00,2018-03-01 15:24:00,server01,22.576,129.76,23.53
2018-03-01 15:25:00,2018-03-01 15:25:00,server01,22.507,131.08,21.76
2018-03-01 15:26:00,2018-03-01 15:26:00,server01,22.742,129.12,23.24
2018-03-01 15:27:00,2018-03-01 15:27:00,server01,22.629,131.33,22.55
2018-03-01 15:28:00,2018-03-01 15:28:00,server01,23.227,131.34,23.13
2018-03-01 15:29:00,2018-03-01 15:29:00,server01,24.049,131.15,23.16
2018-03-01 15:30:00,2018-03-01 15:30:00,server01,23.832,130.7,21.95
2018-03-01 15:31:00,2018-03-01 15:31:00,server01,21.366,130.03,23.17
2018-03-01 15:32:00,2018-03-01 15:32:00,server01,26.021,130.01,23.18
2018-03-01 15:33:00,2018-03-01 15:33:00,server01,21.402,131.2,22.72
2018-03-01 15:34:00,2018-03-01 15:34:00,server01,21.11,96.48,19.37
2018-03-01 15:35:00,2018-03-01 15:35:00,server01,24.483,131.61,23.23
2018-03-01 15:36:00,2018-03-01 15:36:00,server01,22.306,131.71,23.6
2018-03-01 15:37:00,2018-03-01 15:37:00,server01,23.241,131.18,21.35
2018-03-01 15:38:00,2018-03-01 15:38:00,server01,21.914,130.97,23.21
2018-03-01 15:39:00,2018-03-01 15:39:00,server01,25.611,130.58,22.19
2018-03-01 15:40:00,2018-03-01 15:40:00,server01,23.063,129.14,22.82
2018-03-01 15:41:00,2018-03-01 15:41:00,server01,23.821,130.58,23.24
2018-03-01 15:42:00,2018-03-01 15:42:00,server01,22.018,130.95,22.39
2018-03-01 15:43:00,2018-03-01 15:43:00,server01,25.161,131.7,22.41
2018-03-01 15:44:00,2018-03-01 15:44:00,server01,23.6,131.54,14.7
2018-03-01 15:45:00,2018-03-01 15:45:00,server01,22.545,131.11,22.94
2018-03-01 15:46:00,2018-03-01 15:46:00,server01,23.606,131.31,23.06
2018-03-01 15:47:00,2018-03-01 15:47:00,server01,22.524,130.32,20.38
2018-03-01 15:48:00,2018-03-01 15:48:00,server01,23.167,131.16,22.31
2018-03-01 15:49:00,2018-03-01 15:49:00,server01,25.786,131.01,21.44
2018-03-01 15:50:00,2018-03-01 15:50:00,server01,22.09,129.86,22.82
2018-03-01 15:51:00,2018-03-01 15:51:00,server01,21.801,129.73,20.51
2018-03-01 15:52:00,2018-03-01 15:52:00,server01,22.731,130.02,18.16
2018-03-01 15:53:00,2018-03-01 15:53:00,server01,22.509,131.77,22.42
2018-03-01 15:54:00,2018-03-01 15:54:00,server02,24.985,87.48,20.03
2018-03-01 15:55:00,2018-03-01 15:55:00,server01,22.307,131.1,23.01
2018-03-01 15:56:00,2018-03-01 15:56:00,server01,20.484,129.79,22.72
2018-03-01 15:57:00,2018-03-01 15:57:00,server01,22.407,130.57,21.5
2018-03-01 15:58:00,2018-03-01 15:58:00,server01,22.086,130.41,23.49
2018-03-01 15:59:00,2018-03-01 15:59:00,server02,25.185,87.93,19.72
2018-03-01 16:00:00,2018-03-01 16:00:00,server01,22.266,129.61,21.73
2018-03-01 16:01:00,2018-03-01 16:01:00,server01,22.304,131.47,22.54
2018-03-01 16:02:00,2018-03-01 16:02:00,server01,22.933,130.4,22.06
2018-03-01 16:03:00,2018-03-01 16:03:00,server01,23.397,127.79,23.19
2018-03-01 16:04:00,2018-03-01 16:04:00,server01,21.23,131.13,22.08
2018-03-01 16:05:00,2018-03-01 16:05:00,server02,17.076,108.9,18.75
2018-03-01 16:06:00,2018-03-01 16:06:00,server01,21.517,129.73,23.48
2018-03-01 16:07:00,2018-03-01 16:07:00,server01,23.592,129.01,23.12
2018-03-01 16:08:00,2018-03-01 16:08:00,server01,22.036,131.4,22.12
2018-03-01 16:09:00,2018-03-01 16:09:00,server01,23.822,131.33,16.24
2018-03-01 16:10:00,2018-03-01 16:10:00,server01,22.498,130.63,21.73
2018-03-01 16:11:00,2018-03-01 16:11:00,server01,22.092,130.7,22.68
2018-03-01 16:12:00,2018-03-01 16:12:00,server01,23.374,131.67,20.79
2018-03-01 16:13:00,2018-03-01 16:13:00,server01,21.42,131.32,22.51
2018-03-01 16:14:00,2018-03-01 16:14:00,server01,21.651,131.35,22.73
2018-03-01 16:15:00,2018-03-01 16:15:00,server02,24.482,93.42,20.39
2018-03-01 16:16:00,2018-03-01 16:16:00,server01,22.927,130.4,23.03
2018-03-01 16:17:00,2018-03-01 16:17:00,server01,22.35,130.83,16.23
2018-03-01 16:18:00,2018-03-01 16:18:00,server01,21.86,130.27,22.65
2018-03-01 16:19:00,2018-03-01 16:19:00,server01,23.021,130.57,21.65
2018-03-01 16:20:00,2018-03-01 16:20:00,server02,24.305,94.35,20.62
2018-03-01 16:21:00,2018-03-01 16:21:00,server01,22.294,131.29,23.03
2018-03-01 16:22:00,2018-03-01 16:22:00,server01,21.867,128.77,23.33
2018-03-01 16:23:00,2018-03-01 16:23:00,server01,21.64,131.68,22.55
2018-03-01 16:24:00,2018-03-01 16:24:00,server01,21.721,131.97,13.46
2018-03-01 16:25:00,2018-03-01 16:25:00,server01,24.049,131.45,22.7
2018-03-01 16:26:00,2018-03-01 16:26:00,server01,22.473,130.31,22.46
2018-03-01 16:27:00,2018-03-01 16:27:00,server01,23.823,130.17,15.25
2018-03-01 16:28:00,2018-03-01 16:28:00,server01,21.789,131.01,21.73
2018-03-01 16:29:00,2018-03-01 16:29:00,server01,23.591,130.73,22.89
2018-03-01 16:30:00,2018-03-01 16:30:00,server02,36.578,88.84,20.68
2018-03-01 16:31:00,2018-03-01 16:31:00,server01,23.907,132.05,23.19
2018-03-01 16:32:00,2018-03-01 16:32:00,server02,25.144,87.89,18.77
2018-03-01 16:33:00,2018-03-01 16:33:00,server02,25.088,83.52,19.82
2018-03-01 16:34:00,2018-03-01 16:34:00,server01,22.014,131.2,22.26
2018-03-01 16:35:00,2018-03-01 16:35:00,server01,24.715,131.26,22.19
2018-03-01 16:36:00,2018-03-01 16:36:00,server01,21.409,96.11,22.75
2018-03-01 16:37:00,2018-03-01 16:37:00,server01,24.047,130.09,23.27
2018-03-01 16:38:00,2018-03-01 16:38:00,server01,22.171,129.18,23.23
2018-03-01 16:39:00,2018-03-01 16:39:00,server01,24.013,130.17,23.34
2018-03-01 16:40:00,2018-03-01 16:40:00,server01,22.107,131.84,23.77
2018-03-01 16:41:00,2018-03-01 16:41:00,server01,21.415,130.86,20.44
2018-03-01 16:42:00,2018-03-01 16:42:00,server01,23.415,131.41,23.46
2018-03-01 16:43:00,2018-03-01 16:43:00,server01,23.41,131.17,21.5
2018-03-01 16:44:00,2018-03-01 16:44:00,server01,23.274,113.17,17.96
2018-03-01 16:45:00,2018-03-01 16:45:00,server01,26.722,130.89,22.48
2018-03-01 16:46:00,2018-03-01 16:46:00,server01,23.656,129.9,22
2018-03-01 16:47:00,2018-03-01 16:47:00,server01,22.87,129.88,21.87
2018-03-01 16:48:00,2018-03-01 16:48:00,server01,21.415,130.56,23.33
2018-03-01 16:49:00,2018-03-01 16:49:00,server01,23.172,130.29,22.44
2018-03-01 16:50:00,2018-03-01 16:50:00,server02,22.952,87.72,19.32
2018-03-01 16:51:00,2018-03-01 16:51:00,server01,24.252,131.96,22.76
2018-03-01 16:52:00,2018-03-01 16:52:00,server01,23.178,131.32,23.3
2018-03-01 16:53:00,2018-03-01 16:53:00,server01,22.144,130.42,23.06
2018-03-01 16:54:00,2018-03-01 16:54:00,server01,21.617,131.55,22.88
2018-03-01 16:55:00,2018-03-01 16:55:00,server01,22.309,131.49,23.06
2018-03-01 16:56:00,2018-03-01 16:56:00,server01,24.702,131.73,22.01
2018-03-01 16:57:00,2018-03-01 16:57:00,server02,24.524,90.46,21.92
2018-03-01 16:58:00,2018-03-01 16:58:00,server01,24.734,131.01,22.02
2018-03-01 16:59:00,2018-03-01 16:59:00,server01,23.594,130.8,22.63
2018-03-01 17:00:00,2018-03-01 17:00:00,server01,22.782,131.14,21.39
2018-03-01 17:01:00,2018-03-01 17:01:00,server01,24.283,130.78,22.3
2018-03-01 17:02:00,2018-03-01 17:02:00,server01,21.166,131.66,23.15
2018-03-01 17:03:00,2018-03-01 17:03:00,server01,23.336,130.45,23.11
2018-03-01 17:04:00,2018-03-01 17:04:00,server01,21.527,131.54,23.69
2018-03-01 17:05:00,2018-03-01 17:05:00,server01,23.17,130.44,23.07
2018-03-01 17:06:00,2018-03-01 17:06:00,server01,22.07,129.57,23.27
2018-03-01 17:07:00,2018-03-01 17:07:00,server01,24.262,130.1,22.73
2018-03-01 17:08:00,2018-03-01 17:08:00,server01,20.543,130.23,22.72
2018-03-01 17:09:00,2018-03-01 17:09:00,server01,22.984,130.41,23.02
2018-03-01 17:10:00,2018-03-01 17:10:00,server01,23.615,131.41,23.34
2018-03-01 17:11:00,2018-03-01 17:11:00,server01,20.591,130.69,23.26
2018-03-01 17:12:00,2018-03-01 17:12:00,server01,23.097,130.03,22.45
2018-03-01 17:13:00,2018-03-01 17:13:00,server01,23.804,130.14,22
2018-03-01 17:14:00,2018-03-01 17:14:00,server01,21.588,130.7,19.98
2018-03-01 17:15:00,2018-03-01 17:15:00,server01,24.273,129.67,22.64
2018-03-01 17:16:00,2018-03-01 17:16:00,server01,21.849,130.08,22.38
2018-03-01 17:17:00,2018-03-01 17:17:00,server01,23.402,130.33,23.09
2018-03-01 17:18:00,2018-03-01 17:18:00,server01,25.902,129.79,22.99
2018-03-01 17:19:00,2018-03-01 17:19:00,server01,22.434,130.06,23.28
2018-03-01 17:20:00,2018-03-01 17:20:00,server01,21.93,131.94,23.32
2018-03-01 17:21:00,2018-03-01 17:21:00,server01,23.212,131.24,21.83
2018-03-01 17:22:00,2018-03-01 17:22:00,server01,24.062,132.09,22.8
2018-03-01 17:23:00,2018-03-01 17:23:00,server01,22.29,131.55,22.98
2018-03-01 17:24:00,2018-03-01 17:24:00,server01,21.43,124.92,23.23
2018-03-01 17:25:00,2018-03-01 17:25:00,server01,21.866,130.73,23.24
2018-03-01 17:26:00,2018-03-01 17:26:00,server01,22.726,131.96,23
2018-03-01 17:27:00,2018-03-01 17:27:00,server01,22.537,131.65,20.47
2018-03-01 17:28:00,2018-03-01 17:28:00,server01,22.043,131.83,21.75
2018-03-01 17:29:00,2018-03-01 17:29:00,server01,21.225,127.96,22.85
2018-03-01 17:30:00,2018-03-01 17:30:00,server01,26.228,130.06,22.99
2018-03-01 17:31:00,2018-03-01 17:31:00,server01,22.643,131.09,23.25
2018-03-01 17:32:00,2018-03-01 17:32:00,server02,22.892,50.44,19.53
2018-03-01 17:33:00,2018-03-01 17:33:00,server01,24.68,131.73,22.8
2018-03-01 17:34:00,2018-03-01 17:34:00,server01,23.831,130.64,23.25
2018-03-01 17:35:00,2018-03-01 17:35:00,server01,23.352,131.35,22.46
2018-03-01 17:36:00,2018-03-01 17:36:00,server01,25.314,130.93,22.18
2018-03-01 17:37:00,2018-03-01 17:37:00,server02,24.368,88,20.89
2018-03-01 17:38:00,2018-03-01 17:38:00,server01,22.732,101.28,21.81
2018-03-01 17:39:00,2018-03-01 17:39:00,server01,22.292,131.26,23.54
2018-03-01 17:40:00,2018-03-01 17:40:00,server01,23.406,131.27,21.39
2018-03-01 17:41:00,2018-03-01 17:41:00,server01,21.89,131.31,20.57
2018-03-01 17:42:00,2018-03-01 17:42:00,server01,24.045,131.04,22.04
2018-03-01 17:43:00,2018-03-01 17:43:00,server01,21.642,130.77,21.59
2018-03-01 17:44:00,2018-03-01 17:44:00,server01,26.646,117.35,23.08
2018-03-01 17:45:00,2018-03-01 17:45:00,server01,23.882,122.85,22.42
2018-03-01 17:46:00,2018-03-01 17:46:00,server02,29.371,62.87,21.24
2018-03-01 17:47:00,2018-03-01 17:47:00,server01,21.037,131.72,22.86
2018-03-01 17:48:00,2018-03-01 17:48:00,server01,23.59,131.39,22.73
2018-03-01 17:49:00,2018-03-01 17:49:00,server02,24.649,83.86,18.94
2018-03-01 17:50:00,2018-03-01 17:50:00,server01,22.323,130.31,22.49
2018-03-01 17:51:00,2018-03-01 17:51:00,server01,23.167,131.52,22.76
2018-03-01 17:52:00,2018-03-01 17:52:00,server01,23.847,131.25,22.8
2018-03-01 17:53:00,2018-03-01 17:53:00,server01,21.434,131.18,22.92
2018-03-01 17:54:00,2018-03-01 17:54:00,server01,23.003,130.97,23.45
2018-03-01 17:55:00,2018-03-01 17:55:00,server01,23.83,130.32,22.27
2018-03-01 17:56:00,2018-03-01 17:56:00,server01,22.902,130.59,22.19
2018-03-01 17:57:00,2018-03-01 17:57:00,server01,22.074,130.87,21.06
2018-03-01 17:58:00,2018-03-01 17:58:00,server01,22.932,130.83,22.93
2018-03-01 17:59:00,2018-03-01 17:59:00,server02,25.719,89.4,23.08
2018-03-01 18:00:00,2018-03-01 18:00:00,server01,25.731,131.7,22.44
2018-03-01 18:01:00,2018-03-01 18:01:00,server01,24.48,131.89,21.51
2018-03-01 18:02:00,2018-03-01 18:02:00,server01,22.321,131.57,22.56
2018-03-01 18:03:00,2018-03-01 18:03:00,server02,24.925,84.1,21.2
2018-03-01 18:04:00,2018-03-01 18:04:00,server01,22.452,131.1,22.13
2018-03-01 18:05:00,2018-03-01 18:05:00,server01,23.6,131.72,22.57
2018-03-01 18:06:00,2018-03-01 18:06:00,server01,22.083,130.94,22.72
2018-03-01 18:07:00,2018-03-01 18:07:00,server01,22.725,130.95,16.64
2018-03-01 18:08:00,2018-03-01 18:08:00,server01,22.288,129.94,23.1
2018-03-01 18:09:00,2018-03-01 18:09:00,server01,24.463,130.29,19.9
2018-03-01 18:10:00,2018-03-01 18:10:00,server01,20.992,130.4,23.55
2018-03-01 18:11:00,2018-03-01 18:11:00,server01,23.382,130.47,23.27
2018-03-01 18:12:00,2018-03-01 18:12:00,server01,24.714,127.35,23.24
2018-03-01 18:13:00,2018-03-01 18:13:00,server02,24.076,80.73,22.02
2018-03-01 18:14:00,2018-03-01 18:14:00,server01,22.551,130,22.75
2018-03-01 18:15:00,2018-03-01 18:15:00,server01,22.301,131,22.86
2018-03-01 18:16:00,2018-03-01 18:16:00,server01,23.853,130.19,23.09
2018-03-01 18:17:00,2018-03-01 18:17:00,server01,27.322,132.01,16.01
2018-03-01 18:18:00,2018-03-01 18:18:00,server01,26.371,130.79,22.41
2018-03-01 18:19:00,2018-03-01 18:19:00,server01,26.152,130.91,22.33
2018-03-01 18:20:00,2018-03-01 18:20:00,server01,22.847,128.64,22.38
2018-03-01 18:21:00,2018-03-01 18:21:00,server01,23.685,130.3,23.22
2018-03-01 18:22:00,2018-03-01 18:22:00,server02,24.583,91.63,23.17
2018-03-01 18:23:00,2018-03-01 18:23:00,server02,23.788,90.33,21.7
2018-03-01 18:24:00,2018-03-01 18:24:00,server02,24.788,78.4,21.35
2018-03-01 18:25:00,2018-03-01 18:25:00,server01,21.574,131.5,22.93
2018-03-01 18:26:00,2018-03-01 18:26:00,server01,23.153,130.72,21.71
2018-03-01 18:27:00,2018-03-01 18:27:00,server01,22.511,131.88,22.42
2018-03-01 18:28:00,2018-03-01 18:28:00,server01,22.98,130.8,21.47
2018-03-01 18:29:00,2018-03-01 18:29:00,server01,24.176,130.83,14.28
2018-03-01 18:30:00,2018-03-01 18:30:00,server01,22.074,131.24,22.39
2018-03-01 18:31:00,2018-03-01 18:31:00,server01,25.373,131.59,23.35
2018-03-01 18:32:00,2018-03-01 18:32:00,server01,22.072,131.57,23.33
2018-03-01 18:33:00,2018-03-01 18:33:00,server01,23.144,130.91,22.97
2018-03-01 18:34:00,2018-03-01 18:34:00,server02,27.116,91.86,20.62
2018-03-01 18:35:00,2018-03-01 18:35:00,server01,23.164,131.26,23.17
2018-03-01 18:36:00,2018-03-01 18:36:00,server01,21.643,129.64,23.46
2018-03-01 18:37:00,2018-03-01 18:37:00,server01,22.229,130.83,21.86
2018-03-01 18:38:00,2018-03-01 18:38:00,server01,23.382,131.36,22.69
2018-03-01 18:39:00,2018-03-01 18:39:00,server01,27.506,128.79,21.25
2018-03-01 18:40:00,2018-03-01 18:40:00,server01,20.753,130.33,20.69
2018-03-01 18:41:00,2018-03-01 18:41:00,server01,21.058,130.74,23.29
2018-03-01 18:42:00,2018-03-01 18:42:00,server01,21.408,130.4,21.36
2018-03-01 18:43:00,2018-03-01 18:43:00,server01,21.709,130.98,23.15
2018-03-01 18:44:00,2018-03-01 18:44:00,server01,24.05,131.35,22.14
2018-03-01 18:45:00,2018-03-01 18:45:00,server01,24.898,130.76,22.18
2018-03-01 18:46:00,2018-03-01 18:46:00,server01,23.322,128.99,22.98
2018-03-01 18:47:00,2018-03-01 18:47:00,server01,22.736,130.56,23.4
2018-03-01 18:48:00,2018-03-01 18:48:00,server01,23.852,128.66,22.62
2018-03-01 18:49:00,2018-03-01 18:49:00,server02,25.608,86.52,19.75
2018-03-01 18:50:00,2018-03-01 18:50:00,server01,21.638,131,22.93
2018-03-01 18:51:00,2018-03-01 18:51:00,server01,22.109,130.35,21.47
2018-03-01 18:52:00,2018-03-01 18:52:00,server02,23.985,87.89,21.79
2018-03-01 18:53:00,2018-03-01 18:53:00,server01,21.653,128.98,22.4
2018-03-01 18:54:00,2018-03-01 18:54:00,server01,22.951,131.21,20.83
2018-03-01 18:55:00,2018-03-01 18:55:00,server01,25.357,111.73,22.73
2018-03-01 18:56:00,2018-03-01 18:56:00,server01,21.869,130.92,21.55
2018-03-01 18:57:00,2018-03-01 18:57:00,server01,21.015,130.97,21.28
2018-03-01 18:58:00,2018-03-01 18:58:00,server01,24.049,129.15,21.27
2018-03-01 18:59:00,2018-03-01 18:59:00,server01,22.807,130.95,23.28
2018-03-01 19:00:00,2018-03-01 19:00:00,server01,22.307,130.98,22.4
2018-03-01 19:01:00,2018-03-01 19:01:00,server01,25.254,130.94,23.19
2018-03-01 19:02:00,2018-03-01 19:02:00,server01,22.736,130.71,22.61
2018-03-01 19:03:00,2018-03-01 19:03:00,server01,22.939,131.65,23.43
2018-03-01 19:04:00,2018-03-01 19:04:00,server01,23.932,129.19,22.33
2018-03-01 19:05:00,2018-03-01 19:05:00,server01,27.135,129.01,23.11
2018-03-01 19:06:00,2018-03-01 19:06:00,server01,20.917,128.87,21.87
2018-03-01 19:07:00,2018-03-01 19:07:00,server01,21.399,129.84,23.3
2018-03-01 19:08:00,2018-03-01 19:08:00,server01,22.814,129.68,22.96
2018-03-01 19:09:00,2018-03-01 19:09:00,server01,21.951,129.59,22.6
2018-03-01 19:10:00,2018-03-01 19:10:00,server01,23.83,126.32,21.74
2018-03-01 19:11:00,2018-03-01 19:11:00,server01,21.864,130.07,21.36
2018-03-01 19:12:00,2018-03-01 19:12:00,server01,23.172,129.81,21.89
2018-03-01 19:13:00,2018-03-01 19:13:00,server01,23.613,129.35,22.63
2018-03-01 19:14:00,2018-03-01 19:14:00,server01,22.486,130.21,22.8
2018-03-01 19:15:00,2018-03-01 19:15:00,server02,24.608,74.27,21.91
2018-03-01 19:16:00,2018-03-01 19:16:00,server02,25.711,88.07,19.52
2018-03-01 19:17:00,2018-03-01 19:17:00,server01,22.546,130.57,22.79
2018-03-01 19:18:00,2018-03-01 19:18:00,server01,24.82,130.82,23.5
2018-03-01 19:19:00,2018-03-01 19:19:00,server01,23.114,131.6,22.68
2018-03-01 19:20:00,2018-03-01 19:20:00,server01,23.077,130.79,23.39
2018-03-01 19:21:00,2018-03-01 19:21:00,server01,21.866,130.53,22.63
2018-03-01 19:22:00,2018-03-01 19:22:00,server01,23.613,130.83,22.31
2018-03-01 19:23:00,2018-03-01 19:23:00,server01,23.614,131.53,22.95
2018-03-01 19:24:00,2018-03-01 19:24:00,server01,23.165,129.94,21.55
2018-03-01 19:25:00,2018-03-01 19:25:00,server01,22.808,130.69,23.14
2018-03-01 19:26:00,2018-03-01 19:26:00,server01,21.985,131.79,22.6
2018-03-01 19:27:00,2018-03-01 19:27:00,server01,23.613,132.66,22.39
2018-03-01 19:28:00,2018-03-01 19:28:00,server01,23.382,131.77,22.84
2018-03-01 19:29:00,2018-03-01 19:29:00,server01,21.85,131.34,22.08
2018-03-01 19:30:00,2018-03-01 19:30:00,server01,23.197,131.36,22.14
2018-03-01 19:31:00,2018-03-01 19:31:00,server01,20.763,132.03,21.78
2018-03-01 19:32:00,2018-03-01 19:32:00,server01,20.863,130.77,21.2
2018-03-01 19:33:00,2018-03-01 19:33:00,server01,22.964,129.57,22.36
2018-03-01 19:34:00,2018-03-01 19:34:00,server01,23.564,131.42,22.64
2018-03-01 19:35:00,2018-03-01 19:35:00,server01,21.86,131.67,23.09
2018-03-01 19:36:00,2018-03-01 19:36:00,server02,27.126,89.73,20.04
2018-03-01 19:37:00,2018-03-01 19:37:00,server01,23.161,130.97,22.67
2018-03-01 19:38:00,2018-03-01 19:38:00,server01,21.327,130.93,22.73
2018-03-01 19:39:00,2018-03-01 19:39:00,server01,22.226,131.09,21.27
2018-03-01 19:40:00,2018-03-01 19:40:00,server01,21.412,131.06,23.01
2018-03-01 19:41:00,2018-03-01 19:41:00,server01,26.863,131.39,21.99
2018-03-01 19:42:00,2018-03-01 19:42:00,server01,21.65,81.06,22.51
2018-03-01 19:43:00,2018-03-01 19:43:00,server01,21.845,130.54,21.1
2018-03-01 19:44:00,2018-03-01 19:44:00,server01,23.93,131.15,22.11
2018-03-01 19:45:00,2018-03-01 19:45:00,server01,22.456,127.08,23.27
2018-03-01 19:46:00,2018-03-01 19:46:00,server01,23.631,131.06,22.28
2018-03-01 19:47:00,2018-03-01 19:47:00,server02,24.066,86.1,20.28
2018-03-01 19:48:00,2018-03-01 19:48:00,server02,25.668,85.43,20.54
2018-03-01 19:49:00,2018-03-01 19:49:00,server01,21.433,131.76,22.96
2018-03-01 19:50:00,2018-03-01 19:50:00,server01,22.902,130.84,23.38
2018-03-01 19:51:00,2018-03-01 19:51:00,server01,22.25,130.33,23.02
2018-03-01 19:52:00,2018-03-01 19:52:00,server01,21.659,130.91,22.78
2018-03-01 19:53:00,2018-03-01 19:53:00,server01,21.664,129.32,17.95
2018-03-01 19:54:00,2018-03-01 19:54:00,server01,22.078,131.21,23.48
2018-03-01 19:55:00,2018-03-01 19:55:00,server01,23.624,122.9,22.8
2018-03-01 19:56:00,2018-03-01 19:56:00,server01,22.953,130.59,23.04
2018-03-01 19:57:00,2018-03-01 19:57:00,server01,24.477,129.16,20.02
2018-03-01 19:58:00,2018-03-01 19:58:00,server01,22.053,131.81,22.89
2018-03-01 19:59:00,2018-03-01 19:59:00,server01,23.6,131.84,21.86
2018-03-01 20:00:00,2018-03-01 20:00:00,server01,23.612,119.38,20.05
2018-03-01 20:01:00,2018-03-01 20:01:00,server01,21.098,128.27,21.37
2018-03-01 20:02:00,2018-03-01 20:02:00,server01,24.158,130.74,23.33
2018-03-01 20:03:00,2018-03-01 20:03:00,server01,20.511,131.83,23.52
2018-03-01 20:04:00,2018-03-01 20:04:00,server01,21.424,131.27,18.94
2018-03-01 20:05:00,2018-03-01 20:05:00,server01,21.325,131.59,22.71
2018-03-01 20:06:00,2018-03-01 20:06:00,server01,23.122,131.57,23.39
2018-03-01 20:07:00,2018-03-01 20:07:00,server01,22.958,131.95,21.48
2018-03-01 20:08:00,2018-03-01 20:08:00,server01,25.062,130.94,23.44
2018-03-01 20:09:00,2018-03-01 20:09:00,server01,23.836,130.27,22.71
2018-03-01 20:10:00,2018-03-01 20:10:00,server01,22.262,132.25,22.72
2018-03-01 20:11:00,2018-03-01 20:11:00,server01,24.029,131.07,22.61
2018-03-01 20:12:00,2018-03-01 20:12:00,server01,24.04,128.14,19.41
2018-03-01 20:13:00,2018-03-01 20:13:00,server01,22.942,131.13,21.8
2018-03-01 20:14:00,2018-03-01 20:14:00,server01,23.807,130.94,23.12
2018-03-01 20:15:00,2018-03-01 20:15:00,server01,20.941,130.72,22.53
2018-03-01 20:16:00,2018-03-01 20:16:00,server01,21.521,131.64,22.35
2018-03-01 20:17:00,2018-03-01 20:17:00,server01,23.956,131.74,21.7
2018-03-01 20:18:00,2018-03-01 20:18:00,server01,26.061,131.44,22.81
2018-03-01 20:19:00,2018-03-01 20:19:00,server01,22.844,129.92,19.84
2018-03-01 20:20:00,2018-03-01 20:20:00,server01,21.852,127.54,21.58
2018-03-01 20:21:00,2018-03-01 20:21:00,server01,22.098,130.16,22.83
2018-03-01 20:22:00,2018-03-01 20:22:00,server01,22.482,130.85,23.26
2018-03-01 20:23:00,2018-03-01 20:23:00,server01,22.001,125.95,22.23
2018-03-01 20:24:00,2018-03-01 20:24:00,server02,28.857,90.05,23.04
2018-03-01 20:25:00,2018-03-01 20:25:00,server01,22.744,130.94,22.49
2018-03-01 20:26:00,2018-03-01 20:26:00,server01,21.918,131.45,23.18
2018-03-01 20:27:00,2018-03-01 20:27:00,server01,22.869,132.03,21.83
2018-03-01 20:28:00,2018-03-01 20:28:00,server01,24.919,129.49,22.71
2018-03-01 20:29:00,2018-03-01 20:29:00,server02,24.957,87.05,20.94
2018-03-01 20:30:00,2018-03-01 20:30:00,server01,23.446,131.5,23.09
2018-03-01 20:31:00,2018-03-01 20:31:00,server01,23.864,129.6,21.72
2018-03-01 20:32:00,2018-03-01 20:32:00,server01,21.454,130.2,20.66
2018-03-01 20:33:00,2018-03-01 20:33:00,server01,22.697,130.7,16.76
2018-03-01 20:34:00,2018-03-01 20:34:00,server01,22.221,130.36,21.84
2018-03-01 20:35:00,2018-03-01 20:35:00,server01,24.908,131.19,21.88
2018-03-01 20:36:00,2018-03-01 20:36:00,server01,23.088,129.85,23.49
2018-03-01 20:37:00,2018-03-01 20:37:00,server01,22.065,130.76,22.91
2018-03-01 20:38:00,2018-03-01 20:38:00,server01,23.637,129.93,18.13
2018-03-01 20:39:00,2018-03-01 20:39:00,server01,22.541,131.42,22.71
2018-03-01 20:40:00,2018-03-01 20:40:00,server01,23.443,128.43,22.75
2018-03-01 20:41:00,2018-03-01 20:41:00,server01,21.88,131.12,23.23
2018-03-01 20:42:00,2018-03-01 20:42:00,server01,23.442,128.2,22.38
2018-03-01 20:43:00,2018-03-01 20:43:00,server02,23.652,86.65,19.92
2018-03-01 20:44:00,2018-03-01 20:44:00,server01,28.183,127.59,22.16
2018-03-01 20:45:00,2018-03-01 20:45:00,server01,22.491,126.36,22.99
2018-03-01 20:46:00,2018-03-01 20:46:00,server01,21.886,124.91,22.4
2018-03-01 20:47:00,2018-03-01 20:47:00,server01,22.516,130.32,20.51
2018-03-01 20:48:00,2018-03-01 20:48:00,server01,24.051,127.93,22.18
2018-03-01 20:49:00,2018-03-01 20:49:00,server01,22.95,128.64,18.92
2018-03-01 20:50:00,2018-03-01 20:50:00,server01,22.153,129.82,21.77
2018-03-01 20:51:00,2018-03-01 20:51:00,server01,21.635,127.01,22.12
2018-03-01 20:52:00,2018-03-01 20:52:00,server01,22.722,131.26,23.05
2018-03-01 20:53:00,2018-03-01 20:53:00,server01,19.975,130.85,23.38
2018-03-01 20:54:00,2018-03-01 20:54:00,server01,21.85,130.4,23.06
2018-03-01 20:55:00,2018-03-01 20:55:00,server01,22.445,131.26,22.32
2018-03-01 20:56:00,2018-03-01 20:56:00,server01,22.749,131.02,20.9
2018-03-01 20:57:00,2018-03-01 20:57:00,server02,25.676,87.43,22.83
2018-03-01 20:58:00,2018-03-01 20:58:00,server01,22.975,129.52,23.5
2018-03-01 20:59:00,2018-03-01 20:59:00,server01,21.863,129.86,22.95
2018-03-01 21:00:00,2018-03-01 21:00:00,server01,24.465,125.55,18.22
2018-03-01 21:01:00,2018-03-01 21:01:00,server01,23.371,130.29,23.09
2018-03-01 21:02:00,2018-03-01 21:02:00,server02,24.26,82.66,20.35
2018-03-01 21:03:00,2018-03-01 21:03:00,server01,25.117,131.46,22.46
2018-03-01 21:04:00,2018-03-01 21:04:00,server01,22.088,130.65,22.77
2018-03-01 21:05:00,2018-03-01 21:05:00,server01,22.553,130.64,22.07
2018-03-01 21:06:00,2018-03-01 21:06:00,server01,23.866,127.02,22.85
2018-03-01 21:07:00,2018-03-01 21:07:00,server02,25.069,92.14,20.82
2018-03-01 21:08:00,2018-03-01 21:08:00,server01,23.818,131.91,21.7
2018-03-01 21:09:00,2018-03-01 21:09:00,server01,21.229,130.57,21.41
2018-03-01 21:10:00,2018-03-01 21:10:00,server01,22.741,131.49,21.13
2018-03-01 21:11:00,2018-03-01 21:11:00,server01,21.662,130.19,20.64
2018-03-01 21:12:00,2018-03-01 21:12:00,server01,22.275,130.17,22.02
2018-03-01 21:13:00,2018-03-01 21:13:00,server01,25.131,124.87,23.12
2018-03-01 21:14:00,2018-03-01 21:14:00,server01,21.214,130.45,21.16
2018-03-01 21:15:00,2018-03-01 21:15:00,server01,23.309,131.38,21.88
2018-03-01 21:16:00,2018-03-01 21:16:00,server01,23.825,130.96,22.51
2018-03-01 21:17:00,2018-03-01 21:17:00,server01,21.03,129.25,21.51
2018-03-01 21:18:00,2018-03-01 21:18:00,server01,26.131,121.43,21.11
2018-03-01 21:21:00,2018-03-01 21:21:00,server01,26.581,130.17,22.2
2018-03-01 21:22:00,2018-03-01 21:22:00,server01,23.388,130.02,23.17
2018-03-01 21:23:00,2018-03-01 21:23:00,server01,22.184,131.54,21.85
2018-03-01 21:24:00,2018-03-01 21:24:00,server01,21.717,131.55,22.39
2018-03-01 21:25:00,2018-03-01 21:25:00,server01,22.982,132.11,19.14
2018-03-01 21:26:00,2018-03-01 21:26:00,server01,22.568,130.31,22.81
2018-03-01 21:27:00,2018-03-01 21:27:00,server01,22.517,130.94,20.21
2018-03-01 21:28:00,2018-03-01 21:28:00,server01,23.792,131.55,23.19
2018-03-01 21:29:00,2018-03-01 21:29:00,server01,22.743,130.8,22.94
2018-03-01 21:30:00,2018-03-01 21:30:00,server02,26.087,88.21,20.47
2018-03-01 21:31:00,2018-03-01 21:31:00,server01,27.331,131.44,22.95
2018-03-01 21:32:00,2018-03-01 21:32:00,server01,21.629,131.6,20.79
2018-03-01 21:33:00,2018-03-01 21:33:00,server02,26.803,87.08,21.31
2018-03-01 21:34:00,2018-03-01 21:34:00,server02,25.013,87.53,20.24
2018-03-01 21:35:00,2018-03-01 21:35:00,server02,24.984,88.85,22.31
2018-03-01 21:36:00,2018-03-01 21:36:00,server01,22.767,131.28,23.09
2018-03-01 21:37:00,2018-03-01 21:37:00,server01,21.862,130.35,21.04
2018-03-01 21:38:00,2018-03-01 21:38:00,server01,21.647,129.7,22.36
2018-03-01 21:39:00,2018-03-01 21:39:00,server01,21.328,128.38,23.2
2018-03-01 21:40:00,2018-03-01 21:40:00,server01,22.796,128.06,21.31
2018-03-01 21:41:00,2018-03-01 21:41:00,server01,22.066,128.9,22.8
2018-03-01 21:42:00,2018-03-01 21:42:00,server01,21.726,130.74,22.45
2018-03-01 21:43:00,2018-03-01 21:43:00,server02,24.017,86.94,21.04
2018-03-01 21:44:00,2018-03-01 21:44:00,server01,24.477,131.2,23.36
2018-03-01 21:45:00,2018-03-01 21:45:00,server01,21.432,130.63,22.1
2018-03-01 21:46:00,2018-03-01 21:46:00,server01,22.506,130.88,21.83
2018-03-01 21:47:00,2018-03-01 21:47:00,server01,22.059,130.61,21.4
2018-03-01 21:48:00,2018-03-01 21:48:00,server01,22.509,132.3,23.11
2018-03-01 21:49:00,2018-03-01 21:49:00,server01,23.858,130.83,22.38
2018-03-01 21:50:00,2018-03-01 21:50:00,server02,26.308,90.46,21.09
2018-03-01 21:51:00,2018-03-01 21:51:00,server01,21.884,131.27,22.16
2018-03-01 21:52:00,2018-03-01 21:52:00,server01,21.68,131.19,22.19
2018-03-01 21:53:00,2018-03-01 21:53:00,server02,24.068,87.89,22.65
2018-03-01 21:54:00,2018-03-01 21:54:00,server01,21.4,131.74,22.23
2018-03-01 21:55:00,2018-03-01 21:55:00,server01,24.695,130.86,22.12
2018-03-01 21:56:00,2018-03-01 21:56:00,server02,25.388,92.04,18.91
2018-03-01 21:57:00,2018-03-01 21:57:00,server01,23.638,130.11,21.64
2018-03-01 21:58:00,2018-03-01 21:58:00,server01,23.843,130.58,22.16
2018-03-01 21:59:00,2018-03-01 21:59:00,server01,23.615,130.83,23.11
2018-03-01 22:00:00,2018-03-01 22:00:00,server01,24.2,129.84,21.74
2018-03-01 22:01:00,2018-03-01 22:01:00,server01,25.34,130.82,19.93
2018-03-01 22:02:00,2018-03-01 22:02:00,server01,21.191,129.97,20.92
2018-03-01 22:03:00,2018-03-01 22:03:00,server01,22.317,128.6,22.26
2018-03-01 22:04:00,2018-03-01 22:04:00,server01,23,130.02,23.14
2018-03-01 22:05:00,2018-03-01 22:05:00,server01,21.65,131.12,22.67
2018-03-01 22:06:00,2018-03-01 22:06:00,server01,21.657,130.87,22.53
2018-03-01 22:07:00,2018-03-01 22:07:00,server01,21.175,129.61,23.07
2018-03-01 22:08:00,2018-03-01 22:08:00,server01,22.257,131.94,22.95
2018-03-01 22:09:00,2018-03-01 22:09:00,server02,23.615,96.69,20.81
2018-03-01 22:10:00,2018-03-01 22:10:00,server01,23.172,130.54,23.32
2018-03-01 22:11:00,2018-03-01 22:11:00,server01,23.385,131.01,21.2
2018-03-01 22:12:00,2018-03-01 22:12:00,server01,22.293,131.7,22.65
2018-03-01 22:13:00,2018-03-01 22:13:00,server01,22.937,130.09,20.99
2018-03-01 22:14:00,2018-03-01 22:14:00,server01,23.887,130.92,22.65
2018-03-01 22:15:00,2018-03-01 22:15:00,server01,23.36,128.66,17.18
2018-03-01 22:16:00,2018-03-01 22:16:00,server01,20.918,126.46,22.54
2018-03-01 22:17:00,2018-03-01 22:17:00,server01,24.291,131.51,19.64
2018-03-01 22:18:00,2018-03-01 22:18:00,server01,25.573,131.1,22.69
2018-03-01 22:19:00,2018-03-01 22:19:00,server01,23.603,130.38,23.52
2018-03-01 22:20:00,2018-03-01 22:20:00,server02,23.855,90.11,19.94
2018-03-01 22:21:00,2018-03-01 22:21:00,server01,23.434,129.56,22.59
2018-03-01 22:22:00,2018-03-01 22:22:00,server01,23.691,129.63,22.12
2018-03-01 22:23:00,2018-03-01 22:23:00,server01,22.319,130.82,23.13
2018-03-01 22:24:00,2018-03-01 22:24:00,server01,24.744,131.07,21.58
2018-03-01 22:25:00,2018-03-01 22:25:00,server02,27.753,90.26,20.68
2018-03-01 22:26:00,2018-03-01 22:26:00,server01,24.481,130.96,21.4
2018-03-01 22:27:00,2018-03-01 22:27:00,server01,21.854,132.67,22.87
2018-03-01 22:28:00,2018-03-01 22:28:00,server01,22.754,132.26,23.28
2018-03-01 22:29:00,2018-03-01 22:29:00,server01,22.755,132.12,22.15
2018-03-01 22:30:00,2018-03-01 22:30:00,server01,28.24,129.13,22.38
2018-03-01 22:31:00,2018-03-01 22:31:00,server01,23.419,130.29,23.04
2018-03-01 22:32:00,2018-03-01 22:32:00,server01,23.685,130.84,22.01
2018-03-01 22:33:00,2018-03-01 22:33:00,server01,22.063,130.92,22.6
2018-03-01 22:34:00,2018-03-01 22:34:00,server01,22.526,129.8,22.46
2018-03-01 22:35:00,2018-03-01 22:35:00,server01,23.86,131.2,21.69
2018-03-01 22:36:00,2018-03-01 22:36:00,server01,20.646,131.29,21.19
2018-03-01 22:37:00,2018-03-01 22:37:00,server01,24.684,106.63,22.43
2018-03-01 22:38:00,2018-03-01 22:38:00,server02,24.939,90.39,18.93
2018-03-01 22:39:00,2018-03-01 22:39:00,server01,20.345,127.73,21.48
2018-03-01 22:40:00,2018-03-01 22:40:00,server01,23.368,130.91,22.75
2018-03-01 22:41:00,2018-03-01 22:41:00,server01,21.19,132,21.59
2018-03-01 22:42:00,2018-03-01 22:42:00,server01,13.461,126.79,12.21
2018-03-01 22:43:00,2018-03-01 22:43:00,server01,22.1,130.68,22.14
2018-03-01 22:44:00,2018-03-01 22:44:00,server01,25.324,130.33,23.49
2018-03-01 22:45:00,2018-03-01 22:45:00,server01,22.511,130.99,21.77
2018-03-01 22:46:00,2018-03-01 22:46:00,server01,21.398,130.7,21.98
2018-03-01 22:47:00,2018-03-01 22:47:00,server02,24.059,93.71,22.3
2018-03-01 22:48:00,2018-03-01 22:48:00,server02,24.474,85.85,21.23
2018-03-01 22:49:00,2018-03-01 22:49:00,server01,22.754,128.69,23.18
2018-03-01 22:50:00,2018-03-01 22:50:00,server01,21.863,127.95,22.42
2018-03-01 22:51:00,2018-03-01 22:51:00,server01,22.721,129.38,22
2018-03-01 22:52:00,2018-03-01 22:52:00,server01,23.144,131.18,22.72
2018-03-01 22:53:00,2018-03-01 22:53:00,server01,23.183,130.58,23.17
2018-03-01 22:54:00,2018-03-01 22:54:00,server01,22.987,131.65,22.52
2018-03-01 22:55:00,2018-03-01 22:55:00,server02,23.862,96.86,18.75
2018-03-01 22:56:00,2018-03-01 22:56:00,server01,24.034,129.68,21.6
2018-03-01 22:57:00,2018-03-01 22:57:00,server01,21.431,130.77,21.53
2018-03-01 22:58:00,2018-03-01 22:58:00,server02,23.806,94.22,20.54
2018-03-01 22:59:00,2018-03-01 22:59:00,server01,22.508,126.66,22.09
2018-03-01 23:00:00,2018-03-01 23:00:00,server01,22.942,119.93,20.28
2018-03-01 23:01:00,2018-03-01 23:01:00,server01,21.619,129.96,19.18
2018-03-01 23:02:00,2018-03-01 23:02:00,server01,22.085,130.56,21.45
2018-03-01 23:03:00,2018-03-01 23:03:00,server01,22.49,128.4,21.03
2018-03-01 23:04:00,2018-03-01 23:04:00,server01,24.28,130.14,22.7
2018-03-01 23:05:00,2018-03-01 23:05:00,server01,22.042,131.17,23.06
2018-03-01 23:06:00,2018-03-01 23:06:00,server01,23.16,120.93,23.02
2018-03-01 23:07:00,2018-03-01 23:07:00,server01,23.155,130.64,22.33
2018-03-01 23:08:00,2018-03-01 23:08:00,server01,21.658,130.45,22.29
2018-03-01 23:09:00,2018-03-01 23:09:00,server01,21.203,130.06,23.48
2018-03-01 23:10:00,2018-03-01 23:10:00,server01,23.521,130.1,22.28
2018-03-01 23:11:00,2018-03-01 23:11:00,server01,21.854,131.55,22.86
2018-03-01 23:12:00,2018-03-01 23:12:00,server01,23.375,130.01,22.2
2018-03-01 23:13:00,2018-03-01 23:13:00,server01,21.63,131.09,23.24
2018-03-01 23:14:00,2018-03-01 23:14:00,server01,22.66,131.09,23.12
2018-03-01 23:15:00,2018-03-01 23:15:00,server01,21.204,130.48,22.2
2018-03-01 23:16:00,2018-03-01 23:16:00,server01,23.653,131.39,22.46
2018-03-01 23:17:00,2018-03-01 23:17:00,server01,21.856,131.5,22.46
2018-03-01 23:18:00,2018-03-01 23:18:00,server01,20.996,131.76,23.16
2018-03-01 23:19:00,2018-03-01 23:19:00,server01,26.225,131.06,22.86
2018-03-01 23:20:00,2018-03-01 23:20:00,server01,22.508,131.81,22.64
2018-03-01 23:21:00,2018-03-01 23:21:00,server01,20.499,130.39,22.8
2018-03-01 23:22:00,2018-03-01 23:22:00,server01,23.4,130.61,23.56
2018-03-01 23:23:00,2018-03-01 23:23:00,server01,23.811,127.16,22.16
2018-03-01 23:24:00,2018-03-01 23:24:00,server02,25.05,89.71,19.69
2018-03-01 23:25:00,2018-03-01 23:25:00,server01,22.511,132.43,21.35
2018-03-01 23:26:00,2018-03-01 23:26:00,server01,21.407,130.42,23.54
2018-03-01 23:27:00,2018-03-01 23:27:00,server01,24.08,131.49,23.18
2018-03-01 23:28:00,2018-03-01 23:28:00,server01,22.506,130.81,22.99
2018-03-01 23:29:00,2018-03-01 23:29:00,server01,24.947,131.09,23.29
2018-03-01 23:30:00,2018-03-01 23:30:00,server01,21.234,131.25,22.37
2018-03-01 23:31:00,2018-03-01 23:31:00,server01,23.584,131.96,22.91
2018-03-01 23:32:00,2018-03-01 23:32:00,server01,22.276,129.65,22.66
2018-03-01 23:33:00,2018-03-01 23:33:00,server01,21.743,130.3,23.01
2018-03-01 23:34:00,2018-03-01 23:34:00,server02,24.803,86.64,22
2018-03-01 23:35:00,2018-03-01 23:35:00,server01,24.475,130.61,22.74
2018-03-01 23:36:00,2018-03-01 23:36:00,server01,22.074,130.4,23.14
2018-03-01 23:37:00,2018-03-01 23:37:00,server01,24.97,132.21,22.55
2018-03-01 23:38:00,2018-03-01 23:38:00,server01,24.037,130.47,23.16
2018-03-01 23:39:00,2018-03-01 23:39:00,server01,24.476,131.95,23.47
2018-03-01 23:40:00,2018-03-01 23:40:00,server01,23.826,130.26,22.5
2018-03-01 23:41:00,2018-03-01 23:41:00,server01,22.713,131.82,22.29
2018-03-01 23:42:00,2018-03-01 23:42:00,server01,22.511,131.15,22.2
2018-03-01 23:43:00,2018-03-01 23:43:00,server01,23.418,128.75,23.66
2018-03-01 23:44:00,2018-03-01 23:44:00,server01,22.294,128.16,21.77
2018-03-01 23:45:00,2018-03-01 23:45:00,server01,24.107,131.95,21.24
2018-03-01 23:46:00,2018-03-01 23:46:00,server01,21.634,127.16,23.21
2018-03-01 23:47:00,2018-03-01 23:47:00,server01,21.951,129.94,22.8
2018-03-01 23:48:00,2018-03-01 23:48:00,server01,22.746,130.66,19.66
2018-03-01 23:49:00,2018-03-01 23:49:00,server01,22.079,127.85,22.11
2018-03-01 23:50:00,2018-03-01 23:50:00,server01,23.185,131.73,23.3
2018-03-01 23:51:00,2018-03-01 23:51:00,server01,23.191,131.25,21.42
2018-03-01 23:52:00,2018-03-01 23:52:00,server01,22.929,128.07,20.32
2018-03-01 23:53:00,2018-03-01 23:53:00,server01,24.28,131.58,22.39
2018-03-01 23:54:00,2018-03-01 23:54:00,server01,21.611,129.38,22.75
2018-03-01 23:55:00,2018-03-01 23:55:00,server01,20.57,131.28,22.45
2018-03-01 23:56:00,2018-03-01 23:56:00,server01,22.285,130.57,22.85
2018-03-01 23:57:00,2018-03-01 23:57:00,server01,22.792,128.32,21.82
2018-03-01 23:58:00,2018-03-01 23:58:00,server01,23.631,129.75,22.5
2018-03-01 23:59:00,2018-03-01 23:59:00,server01,20.554,130.86,21.22﻿
